content_id,content_name,dynamic_range,width,height,bitrate,score,dis_path,dis_file_name,ref_path,score_difference
10,Fountain,HDR10,1280,720,2000k,6.9276670586437,/mnt/f/icme-gc/train_videos/yuv/10_Fountain_HDR10_1280x720_2000k.yuv,10_Fountain_HDR10_1280x720_2000k.yuv,/mnt/f/icme-gc/train_videos/yuv/10_Fountain_HDR10_3840x2160_50000k.yuv,-3.0723329413563
10,Fountain,HDR10,1280,720,4000k,7.65967843925569,/mnt/f/icme-gc/train_videos/yuv/10_Fountain_HDR10_1280x720_4000k.yuv,10_Fountain_HDR10_1280x720_4000k.yuv,/mnt/f/icme-gc/train_videos/yuv/10_Fountain_HDR10_3840x2160_50000k.yuv,-2.34032156074431
10,Fountain,HDR10,1920,1080,3000k,7.22186550070484,/mnt/f/icme-gc/train_videos/yuv/10_Fountain_HDR10_1920x1080_3000k.yuv,10_Fountain_HDR10_1920x1080_3000k.yuv,/mnt/f/icme-gc/train_videos/yuv/10_Fountain_HDR10_3840x2160_50000k.yuv,-2.7781344992951604
10,Fountain,HDR10,2560,1440,10000k,8.42539124790591,/mnt/f/icme-gc/train_videos/yuv/10_Fountain_HDR10_2560x1440_10000k.yuv,10_Fountain_HDR10_2560x1440_10000k.yuv,/mnt/f/icme-gc/train_videos/yuv/10_Fountain_HDR10_3840x2160_50000k.yuv,-1.5746087520940897
10,Fountain,HDR10,3840,2160,15000k,9.34072016726492,/mnt/f/icme-gc/train_videos/yuv/10_Fountain_HDR10_3840x2160_15000k.yuv,10_Fountain_HDR10_3840x2160_15000k.yuv,/mnt/f/icme-gc/train_videos/yuv/10_Fountain_HDR10_3840x2160_50000k.yuv,-0.6592798327350806
10,Fountain,HDR10,3840,2160,6000k,7.57997824131319,/mnt/f/icme-gc/train_videos/yuv/10_Fountain_HDR10_3840x2160_6000k.yuv,10_Fountain_HDR10_3840x2160_6000k.yuv,/mnt/f/icme-gc/train_videos/yuv/10_Fountain_HDR10_3840x2160_50000k.yuv,-2.4200217586868096
10,Fountain,HDR10,960,540,1500k,6.6308980577526,/mnt/f/icme-gc/train_videos/yuv/10_Fountain_HDR10_960x540_1500k.yuv,10_Fountain_HDR10_960x540_1500k.yuv,/mnt/f/icme-gc/train_videos/yuv/10_Fountain_HDR10_3840x2160_50000k.yuv,-3.3691019422474
10,Fountain,HDR10,960,540,800k,5.50106162256701,/mnt/f/icme-gc/train_videos/yuv/10_Fountain_HDR10_960x540_800k.yuv,10_Fountain_HDR10_960x540_800k.yuv,/mnt/f/icme-gc/train_videos/yuv/10_Fountain_HDR10_3840x2160_50000k.yuv,-4.49893837743299
10,Fountain,SDR,1280,720,2000k,7.710637814849241,/mnt/f/icme-gc/train_videos/yuv/10_Fountain_SDR_1280x720_2000k.yuv,10_Fountain_SDR_1280x720_2000k.yuv,/mnt/f/icme-gc/train_videos/yuv/10_Fountain_SDR_3840x2160_50000k.yuv,-2.2893621851507593
10,Fountain,SDR,1280,720,4000k,8.435417947849821,/mnt/f/icme-gc/train_videos/yuv/10_Fountain_SDR_1280x720_4000k.yuv,10_Fountain_SDR_1280x720_4000k.yuv,/mnt/f/icme-gc/train_videos/yuv/10_Fountain_SDR_3840x2160_50000k.yuv,-1.564582052150179
10,Fountain,SDR,1920,1080,3000k,7.13703212133674,/mnt/f/icme-gc/train_videos/yuv/10_Fountain_SDR_1920x1080_3000k.yuv,10_Fountain_SDR_1920x1080_3000k.yuv,/mnt/f/icme-gc/train_videos/yuv/10_Fountain_SDR_3840x2160_50000k.yuv,-2.8629678786632597
10,Fountain,SDR,2560,1440,10000k,8.74535963836623,/mnt/f/icme-gc/train_videos/yuv/10_Fountain_SDR_2560x1440_10000k.yuv,10_Fountain_SDR_2560x1440_10000k.yuv,/mnt/f/icme-gc/train_videos/yuv/10_Fountain_SDR_3840x2160_50000k.yuv,-1.2546403616337702
10,Fountain,SDR,3840,2160,15000k,8.78879892896355,/mnt/f/icme-gc/train_videos/yuv/10_Fountain_SDR_3840x2160_15000k.yuv,10_Fountain_SDR_3840x2160_15000k.yuv,/mnt/f/icme-gc/train_videos/yuv/10_Fountain_SDR_3840x2160_50000k.yuv,-1.2112010710364505
10,Fountain,SDR,3840,2160,6000k,8.39911495386056,/mnt/f/icme-gc/train_videos/yuv/10_Fountain_SDR_3840x2160_6000k.yuv,10_Fountain_SDR_3840x2160_6000k.yuv,/mnt/f/icme-gc/train_videos/yuv/10_Fountain_SDR_3840x2160_50000k.yuv,-1.6008850461394406
10,Fountain,SDR,960,540,1500k,7.42829179681164,/mnt/f/icme-gc/train_videos/yuv/10_Fountain_SDR_960x540_1500k.yuv,10_Fountain_SDR_960x540_1500k.yuv,/mnt/f/icme-gc/train_videos/yuv/10_Fountain_SDR_3840x2160_50000k.yuv,-2.5717082031883596
10,Fountain,SDR,960,540,800k,6.08180271847338,/mnt/f/icme-gc/train_videos/yuv/10_Fountain_SDR_960x540_800k.yuv,10_Fountain_SDR_960x540_800k.yuv,/mnt/f/icme-gc/train_videos/yuv/10_Fountain_SDR_3840x2160_50000k.yuv,-3.91819728152662
11,Guitar_Handheld,HDR10,1280,720,2000k,6.58049709524178,/mnt/f/icme-gc/train_videos/yuv/11_Guitar_Handheld_HDR10_1280x720_2000k.yuv,11_Guitar_Handheld_HDR10_1280x720_2000k.yuv,/mnt/f/icme-gc/train_videos/yuv/11_Guitar_Handheld_HDR10_3840x2160_50000k.yuv,-3.41950290475822
11,Guitar_Handheld,HDR10,1280,720,4000k,7.19307926179083,/mnt/f/icme-gc/train_videos/yuv/11_Guitar_Handheld_HDR10_1280x720_4000k.yuv,11_Guitar_Handheld_HDR10_1280x720_4000k.yuv,/mnt/f/icme-gc/train_videos/yuv/11_Guitar_Handheld_HDR10_3840x2160_50000k.yuv,-2.80692073820917
11,Guitar_Handheld,HDR10,1920,1080,3000k,7.2705283471502,/mnt/f/icme-gc/train_videos/yuv/11_Guitar_Handheld_HDR10_1920x1080_3000k.yuv,11_Guitar_Handheld_HDR10_1920x1080_3000k.yuv,/mnt/f/icme-gc/train_videos/yuv/11_Guitar_Handheld_HDR10_3840x2160_50000k.yuv,-2.7294716528498
11,Guitar_Handheld,HDR10,2560,1440,10000k,8.70962841351902,/mnt/f/icme-gc/train_videos/yuv/11_Guitar_Handheld_HDR10_2560x1440_10000k.yuv,11_Guitar_Handheld_HDR10_2560x1440_10000k.yuv,/mnt/f/icme-gc/train_videos/yuv/11_Guitar_Handheld_HDR10_3840x2160_50000k.yuv,-1.2903715864809797
11,Guitar_Handheld,HDR10,3840,2160,15000k,8.3417938861437,/mnt/f/icme-gc/train_videos/yuv/11_Guitar_Handheld_HDR10_3840x2160_15000k.yuv,11_Guitar_Handheld_HDR10_3840x2160_15000k.yuv,/mnt/f/icme-gc/train_videos/yuv/11_Guitar_Handheld_HDR10_3840x2160_50000k.yuv,-1.6582061138563002
11,Guitar_Handheld,HDR10,3840,2160,6000k,7.984998735444659,/mnt/f/icme-gc/train_videos/yuv/11_Guitar_Handheld_HDR10_3840x2160_6000k.yuv,11_Guitar_Handheld_HDR10_3840x2160_6000k.yuv,/mnt/f/icme-gc/train_videos/yuv/11_Guitar_Handheld_HDR10_3840x2160_50000k.yuv,-2.015001264555341
11,Guitar_Handheld,HDR10,960,540,1500k,6.68405511829364,/mnt/f/icme-gc/train_videos/yuv/11_Guitar_Handheld_HDR10_960x540_1500k.yuv,11_Guitar_Handheld_HDR10_960x540_1500k.yuv,/mnt/f/icme-gc/train_videos/yuv/11_Guitar_Handheld_HDR10_3840x2160_50000k.yuv,-3.3159448817063604
11,Guitar_Handheld,HDR10,960,540,800k,5.47966482653578,/mnt/f/icme-gc/train_videos/yuv/11_Guitar_Handheld_HDR10_960x540_800k.yuv,11_Guitar_Handheld_HDR10_960x540_800k.yuv,/mnt/f/icme-gc/train_videos/yuv/11_Guitar_Handheld_HDR10_3840x2160_50000k.yuv,-4.52033517346422
11,Guitar_Handheld,SDR,1280,720,2000k,8.58586237108907,/mnt/f/icme-gc/train_videos/yuv/11_Guitar_Handheld_SDR_1280x720_2000k.yuv,11_Guitar_Handheld_SDR_1280x720_2000k.yuv,/mnt/f/icme-gc/train_videos/yuv/11_Guitar_Handheld_SDR_3840x2160_50000k.yuv,-1.4141376289109306
11,Guitar_Handheld,SDR,1280,720,4000k,8.83705652709215,/mnt/f/icme-gc/train_videos/yuv/11_Guitar_Handheld_SDR_1280x720_4000k.yuv,11_Guitar_Handheld_SDR_1280x720_4000k.yuv,/mnt/f/icme-gc/train_videos/yuv/11_Guitar_Handheld_SDR_3840x2160_50000k.yuv,-1.16294347290785
11,Guitar_Handheld,SDR,1920,1080,3000k,9.606650957523,/mnt/f/icme-gc/train_videos/yuv/11_Guitar_Handheld_SDR_1920x1080_3000k.yuv,11_Guitar_Handheld_SDR_1920x1080_3000k.yuv,/mnt/f/icme-gc/train_videos/yuv/11_Guitar_Handheld_SDR_3840x2160_50000k.yuv,-0.3933490424770003
11,Guitar_Handheld,SDR,2560,1440,10000k,9.04708516411051,/mnt/f/icme-gc/train_videos/yuv/11_Guitar_Handheld_SDR_2560x1440_10000k.yuv,11_Guitar_Handheld_SDR_2560x1440_10000k.yuv,/mnt/f/icme-gc/train_videos/yuv/11_Guitar_Handheld_SDR_3840x2160_50000k.yuv,-0.9529148358894908
11,Guitar_Handheld,SDR,3840,2160,15000k,10.27123815213463,/mnt/f/icme-gc/train_videos/yuv/11_Guitar_Handheld_SDR_3840x2160_15000k.yuv,11_Guitar_Handheld_SDR_3840x2160_15000k.yuv,/mnt/f/icme-gc/train_videos/yuv/11_Guitar_Handheld_SDR_3840x2160_50000k.yuv,0.27123815213463054
11,Guitar_Handheld,SDR,3840,2160,6000k,9.66839973996942,/mnt/f/icme-gc/train_videos/yuv/11_Guitar_Handheld_SDR_3840x2160_6000k.yuv,11_Guitar_Handheld_SDR_3840x2160_6000k.yuv,/mnt/f/icme-gc/train_videos/yuv/11_Guitar_Handheld_SDR_3840x2160_50000k.yuv,-0.3316002600305801
11,Guitar_Handheld,SDR,960,540,1500k,7.6038391257669,/mnt/f/icme-gc/train_videos/yuv/11_Guitar_Handheld_SDR_960x540_1500k.yuv,11_Guitar_Handheld_SDR_960x540_1500k.yuv,/mnt/f/icme-gc/train_videos/yuv/11_Guitar_Handheld_SDR_3840x2160_50000k.yuv,-2.3961608742331
11,Guitar_Handheld,SDR,960,540,800k,7.34768498475241,/mnt/f/icme-gc/train_videos/yuv/11_Guitar_Handheld_SDR_960x540_800k.yuv,11_Guitar_Handheld_SDR_960x540_800k.yuv,/mnt/f/icme-gc/train_videos/yuv/11_Guitar_Handheld_SDR_3840x2160_50000k.yuv,-2.6523150152475896
13,Interview,HDR10,1280,720,2000k,7.90310970477598,/mnt/f/icme-gc/train_videos/yuv/13_Interview_HDR10_1280x720_2000k.yuv,13_Interview_HDR10_1280x720_2000k.yuv,/mnt/f/icme-gc/train_videos/yuv/13_Interview_HDR10_3840x2160_50000k.yuv,-2.0968902952240196
13,Interview,HDR10,1280,720,4000k,8.10358406340151,/mnt/f/icme-gc/train_videos/yuv/13_Interview_HDR10_1280x720_4000k.yuv,13_Interview_HDR10_1280x720_4000k.yuv,/mnt/f/icme-gc/train_videos/yuv/13_Interview_HDR10_3840x2160_50000k.yuv,-1.8964159365984905
13,Interview,HDR10,1920,1080,3000k,8.78683300623652,/mnt/f/icme-gc/train_videos/yuv/13_Interview_HDR10_1920x1080_3000k.yuv,13_Interview_HDR10_1920x1080_3000k.yuv,/mnt/f/icme-gc/train_videos/yuv/13_Interview_HDR10_3840x2160_50000k.yuv,-1.2131669937634797
13,Interview,HDR10,2560,1440,10000k,9.1575100862356,/mnt/f/icme-gc/train_videos/yuv/13_Interview_HDR10_2560x1440_10000k.yuv,13_Interview_HDR10_2560x1440_10000k.yuv,/mnt/f/icme-gc/train_videos/yuv/13_Interview_HDR10_3840x2160_50000k.yuv,-0.8424899137643997
13,Interview,HDR10,3840,2160,15000k,9.83120006344879,/mnt/f/icme-gc/train_videos/yuv/13_Interview_HDR10_3840x2160_15000k.yuv,13_Interview_HDR10_3840x2160_15000k.yuv,/mnt/f/icme-gc/train_videos/yuv/13_Interview_HDR10_3840x2160_50000k.yuv,-0.16879993655120984
13,Interview,HDR10,3840,2160,6000k,9.60015423041347,/mnt/f/icme-gc/train_videos/yuv/13_Interview_HDR10_3840x2160_6000k.yuv,13_Interview_HDR10_3840x2160_6000k.yuv,/mnt/f/icme-gc/train_videos/yuv/13_Interview_HDR10_3840x2160_50000k.yuv,-0.3998457695865305
13,Interview,HDR10,960,540,1500k,7.64859799188859,/mnt/f/icme-gc/train_videos/yuv/13_Interview_HDR10_960x540_1500k.yuv,13_Interview_HDR10_960x540_1500k.yuv,/mnt/f/icme-gc/train_videos/yuv/13_Interview_HDR10_3840x2160_50000k.yuv,-2.3514020081114104
13,Interview,HDR10,960,540,800k,6.95919537294108,/mnt/f/icme-gc/train_videos/yuv/13_Interview_HDR10_960x540_800k.yuv,13_Interview_HDR10_960x540_800k.yuv,/mnt/f/icme-gc/train_videos/yuv/13_Interview_HDR10_3840x2160_50000k.yuv,-3.04080462705892
13,Interview,SDR,1280,720,2000k,9.05197449103406,/mnt/f/icme-gc/train_videos/yuv/13_Interview_SDR_1280x720_2000k.yuv,13_Interview_SDR_1280x720_2000k.yuv,/mnt/f/icme-gc/train_videos/yuv/13_Interview_SDR_3840x2160_50000k.yuv,-0.9480255089659408
13,Interview,SDR,1280,720,4000k,9.23638228004938,/mnt/f/icme-gc/train_videos/yuv/13_Interview_SDR_1280x720_4000k.yuv,13_Interview_SDR_1280x720_4000k.yuv,/mnt/f/icme-gc/train_videos/yuv/13_Interview_SDR_3840x2160_50000k.yuv,-0.76361771995062
13,Interview,SDR,1920,1080,3000k,10.087054527809473,/mnt/f/icme-gc/train_videos/yuv/13_Interview_SDR_1920x1080_3000k.yuv,13_Interview_SDR_1920x1080_3000k.yuv,/mnt/f/icme-gc/train_videos/yuv/13_Interview_SDR_3840x2160_50000k.yuv,0.08705452780947276
13,Interview,SDR,2560,1440,10000k,9.97365893540725,/mnt/f/icme-gc/train_videos/yuv/13_Interview_SDR_2560x1440_10000k.yuv,13_Interview_SDR_2560x1440_10000k.yuv,/mnt/f/icme-gc/train_videos/yuv/13_Interview_SDR_3840x2160_50000k.yuv,-0.02634106459274932
13,Interview,SDR,3840,2160,15000k,10.28447548910428,/mnt/f/icme-gc/train_videos/yuv/13_Interview_SDR_3840x2160_15000k.yuv,13_Interview_SDR_3840x2160_15000k.yuv,/mnt/f/icme-gc/train_videos/yuv/13_Interview_SDR_3840x2160_50000k.yuv,0.28447548910427933
13,Interview,SDR,3840,2160,6000k,10.09506738323028,/mnt/f/icme-gc/train_videos/yuv/13_Interview_SDR_3840x2160_6000k.yuv,13_Interview_SDR_3840x2160_6000k.yuv,/mnt/f/icme-gc/train_videos/yuv/13_Interview_SDR_3840x2160_50000k.yuv,0.09506738323027975
13,Interview,SDR,960,540,1500k,9.03541734244869,/mnt/f/icme-gc/train_videos/yuv/13_Interview_SDR_960x540_1500k.yuv,13_Interview_SDR_960x540_1500k.yuv,/mnt/f/icme-gc/train_videos/yuv/13_Interview_SDR_3840x2160_50000k.yuv,-0.9645826575513095
13,Interview,SDR,960,540,800k,8.25117662043847,/mnt/f/icme-gc/train_videos/yuv/13_Interview_SDR_960x540_800k.yuv,13_Interview_SDR_960x540_800k.yuv,/mnt/f/icme-gc/train_videos/yuv/13_Interview_SDR_3840x2160_50000k.yuv,-1.7488233795615304
14,Knitting_Close,HDR10,1280,720,2000k,8.05499630874457,/mnt/f/icme-gc/train_videos/yuv/14_Knitting_Close_HDR10_1280x720_2000k.yuv,14_Knitting_Close_HDR10_1280x720_2000k.yuv,/mnt/f/icme-gc/train_videos/yuv/14_Knitting_Close_HDR10_3840x2160_50000k.yuv,-1.9450036912554296
14,Knitting_Close,HDR10,1280,720,4000k,9.09913451716751,/mnt/f/icme-gc/train_videos/yuv/14_Knitting_Close_HDR10_1280x720_4000k.yuv,14_Knitting_Close_HDR10_1280x720_4000k.yuv,/mnt/f/icme-gc/train_videos/yuv/14_Knitting_Close_HDR10_3840x2160_50000k.yuv,-0.90086548283249
14,Knitting_Close,HDR10,1920,1080,3000k,9.10812501455737,/mnt/f/icme-gc/train_videos/yuv/14_Knitting_Close_HDR10_1920x1080_3000k.yuv,14_Knitting_Close_HDR10_1920x1080_3000k.yuv,/mnt/f/icme-gc/train_videos/yuv/14_Knitting_Close_HDR10_3840x2160_50000k.yuv,-0.8918749854426302
14,Knitting_Close,HDR10,2560,1440,10000k,9.68366665925561,/mnt/f/icme-gc/train_videos/yuv/14_Knitting_Close_HDR10_2560x1440_10000k.yuv,14_Knitting_Close_HDR10_2560x1440_10000k.yuv,/mnt/f/icme-gc/train_videos/yuv/14_Knitting_Close_HDR10_3840x2160_50000k.yuv,-0.31633334074438935
14,Knitting_Close,HDR10,3840,2160,15000k,10.192885947996553,/mnt/f/icme-gc/train_videos/yuv/14_Knitting_Close_HDR10_3840x2160_15000k.yuv,14_Knitting_Close_HDR10_3840x2160_15000k.yuv,/mnt/f/icme-gc/train_videos/yuv/14_Knitting_Close_HDR10_3840x2160_50000k.yuv,0.1928859479965528
14,Knitting_Close,HDR10,3840,2160,6000k,8.998738837428451,/mnt/f/icme-gc/train_videos/yuv/14_Knitting_Close_HDR10_3840x2160_6000k.yuv,14_Knitting_Close_HDR10_3840x2160_6000k.yuv,/mnt/f/icme-gc/train_videos/yuv/14_Knitting_Close_HDR10_3840x2160_50000k.yuv,-1.0012611625715486
14,Knitting_Close,HDR10,960,540,1500k,7.49984058807978,/mnt/f/icme-gc/train_videos/yuv/14_Knitting_Close_HDR10_960x540_1500k.yuv,14_Knitting_Close_HDR10_960x540_1500k.yuv,/mnt/f/icme-gc/train_videos/yuv/14_Knitting_Close_HDR10_3840x2160_50000k.yuv,-2.5001594119202197
14,Knitting_Close,HDR10,960,540,800k,6.4655607552517305,/mnt/f/icme-gc/train_videos/yuv/14_Knitting_Close_HDR10_960x540_800k.yuv,14_Knitting_Close_HDR10_960x540_800k.yuv,/mnt/f/icme-gc/train_videos/yuv/14_Knitting_Close_HDR10_3840x2160_50000k.yuv,-3.5344392447482695
14,Knitting_Close,SDR,1280,720,2000k,8.74665221952672,/mnt/f/icme-gc/train_videos/yuv/14_Knitting_Close_SDR_1280x720_2000k.yuv,14_Knitting_Close_SDR_1280x720_2000k.yuv,/mnt/f/icme-gc/train_videos/yuv/14_Knitting_Close_SDR_3840x2160_50000k.yuv,-1.2533477804732804
14,Knitting_Close,SDR,1280,720,4000k,9.02785460582642,/mnt/f/icme-gc/train_videos/yuv/14_Knitting_Close_SDR_1280x720_4000k.yuv,14_Knitting_Close_SDR_1280x720_4000k.yuv,/mnt/f/icme-gc/train_videos/yuv/14_Knitting_Close_SDR_3840x2160_50000k.yuv,-0.9721453941735803
14,Knitting_Close,SDR,1920,1080,3000k,8.94141611159837,/mnt/f/icme-gc/train_videos/yuv/14_Knitting_Close_SDR_1920x1080_3000k.yuv,14_Knitting_Close_SDR_1920x1080_3000k.yuv,/mnt/f/icme-gc/train_videos/yuv/14_Knitting_Close_SDR_3840x2160_50000k.yuv,-1.05858388840163
14,Knitting_Close,SDR,2560,1440,10000k,9.74084870454706,/mnt/f/icme-gc/train_videos/yuv/14_Knitting_Close_SDR_2560x1440_10000k.yuv,14_Knitting_Close_SDR_2560x1440_10000k.yuv,/mnt/f/icme-gc/train_videos/yuv/14_Knitting_Close_SDR_3840x2160_50000k.yuv,-0.2591512954529396
14,Knitting_Close,SDR,3840,2160,15000k,9.77375406576816,/mnt/f/icme-gc/train_videos/yuv/14_Knitting_Close_SDR_3840x2160_15000k.yuv,14_Knitting_Close_SDR_3840x2160_15000k.yuv,/mnt/f/icme-gc/train_videos/yuv/14_Knitting_Close_SDR_3840x2160_50000k.yuv,-0.2262459342318408
14,Knitting_Close,SDR,3840,2160,6000k,9.06195208799298,/mnt/f/icme-gc/train_videos/yuv/14_Knitting_Close_SDR_3840x2160_6000k.yuv,14_Knitting_Close_SDR_3840x2160_6000k.yuv,/mnt/f/icme-gc/train_videos/yuv/14_Knitting_Close_SDR_3840x2160_50000k.yuv,-0.9380479120070202
14,Knitting_Close,SDR,960,540,1500k,7.93189274476484,/mnt/f/icme-gc/train_videos/yuv/14_Knitting_Close_SDR_960x540_1500k.yuv,14_Knitting_Close_SDR_960x540_1500k.yuv,/mnt/f/icme-gc/train_videos/yuv/14_Knitting_Close_SDR_3840x2160_50000k.yuv,-2.0681072552351596
14,Knitting_Close,SDR,960,540,800k,6.8649859561918,/mnt/f/icme-gc/train_videos/yuv/14_Knitting_Close_SDR_960x540_800k.yuv,14_Knitting_Close_SDR_960x540_800k.yuv,/mnt/f/icme-gc/train_videos/yuv/14_Knitting_Close_SDR_3840x2160_50000k.yuv,-3.1350140438081997
17,Onion_1,HDR10,1280,720,2000k,7.11634496298929,/mnt/f/icme-gc/train_videos/yuv/17_Onion_1_HDR10_1280x720_2000k.yuv,17_Onion_1_HDR10_1280x720_2000k.yuv,/mnt/f/icme-gc/train_videos/yuv/17_Onion_1_HDR10_3840x2160_50000k.yuv,-2.88365503701071
17,Onion_1,HDR10,1280,720,4000k,8.45883798794002,/mnt/f/icme-gc/train_videos/yuv/17_Onion_1_HDR10_1280x720_4000k.yuv,17_Onion_1_HDR10_1280x720_4000k.yuv,/mnt/f/icme-gc/train_videos/yuv/17_Onion_1_HDR10_3840x2160_50000k.yuv,-1.5411620120599796
17,Onion_1,HDR10,1920,1080,3000k,8.103608700882411,/mnt/f/icme-gc/train_videos/yuv/17_Onion_1_HDR10_1920x1080_3000k.yuv,17_Onion_1_HDR10_1920x1080_3000k.yuv,/mnt/f/icme-gc/train_videos/yuv/17_Onion_1_HDR10_3840x2160_50000k.yuv,-1.8963912991175889
17,Onion_1,HDR10,2560,1440,10000k,9.88931581610061,/mnt/f/icme-gc/train_videos/yuv/17_Onion_1_HDR10_2560x1440_10000k.yuv,17_Onion_1_HDR10_2560x1440_10000k.yuv,/mnt/f/icme-gc/train_videos/yuv/17_Onion_1_HDR10_3840x2160_50000k.yuv,-0.11068418389939083
17,Onion_1,HDR10,3840,2160,15000k,10.23637406197254,/mnt/f/icme-gc/train_videos/yuv/17_Onion_1_HDR10_3840x2160_15000k.yuv,17_Onion_1_HDR10_3840x2160_15000k.yuv,/mnt/f/icme-gc/train_videos/yuv/17_Onion_1_HDR10_3840x2160_50000k.yuv,0.23637406197254052
17,Onion_1,HDR10,3840,2160,6000k,8.22319846317295,/mnt/f/icme-gc/train_videos/yuv/17_Onion_1_HDR10_3840x2160_6000k.yuv,17_Onion_1_HDR10_3840x2160_6000k.yuv,/mnt/f/icme-gc/train_videos/yuv/17_Onion_1_HDR10_3840x2160_50000k.yuv,-1.7768015368270493
17,Onion_1,HDR10,960,540,1500k,7.0872878585638,/mnt/f/icme-gc/train_videos/yuv/17_Onion_1_HDR10_960x540_1500k.yuv,17_Onion_1_HDR10_960x540_1500k.yuv,/mnt/f/icme-gc/train_videos/yuv/17_Onion_1_HDR10_3840x2160_50000k.yuv,-2.9127121414361996
17,Onion_1,HDR10,960,540,800k,5.90836947941872,/mnt/f/icme-gc/train_videos/yuv/17_Onion_1_HDR10_960x540_800k.yuv,17_Onion_1_HDR10_960x540_800k.yuv,/mnt/f/icme-gc/train_videos/yuv/17_Onion_1_HDR10_3840x2160_50000k.yuv,-4.09163052058128
17,Onion_1,SDR,1280,720,2000k,7.19389029662376,/mnt/f/icme-gc/train_videos/yuv/17_Onion_1_SDR_1280x720_2000k.yuv,17_Onion_1_SDR_1280x720_2000k.yuv,/mnt/f/icme-gc/train_videos/yuv/17_Onion_1_SDR_3840x2160_50000k.yuv,-2.80610970337624
17,Onion_1,SDR,1280,720,4000k,8.37499499475329,/mnt/f/icme-gc/train_videos/yuv/17_Onion_1_SDR_1280x720_4000k.yuv,17_Onion_1_SDR_1280x720_4000k.yuv,/mnt/f/icme-gc/train_videos/yuv/17_Onion_1_SDR_3840x2160_50000k.yuv,-1.6250050052467095
17,Onion_1,SDR,1920,1080,3000k,7.54909660548891,/mnt/f/icme-gc/train_videos/yuv/17_Onion_1_SDR_1920x1080_3000k.yuv,17_Onion_1_SDR_1920x1080_3000k.yuv,/mnt/f/icme-gc/train_videos/yuv/17_Onion_1_SDR_3840x2160_50000k.yuv,-2.45090339451109
17,Onion_1,SDR,2560,1440,10000k,9.3292781977815,/mnt/f/icme-gc/train_videos/yuv/17_Onion_1_SDR_2560x1440_10000k.yuv,17_Onion_1_SDR_2560x1440_10000k.yuv,/mnt/f/icme-gc/train_videos/yuv/17_Onion_1_SDR_3840x2160_50000k.yuv,-0.6707218022185
17,Onion_1,SDR,3840,2160,15000k,9.29906226250059,/mnt/f/icme-gc/train_videos/yuv/17_Onion_1_SDR_3840x2160_15000k.yuv,17_Onion_1_SDR_3840x2160_15000k.yuv,/mnt/f/icme-gc/train_videos/yuv/17_Onion_1_SDR_3840x2160_50000k.yuv,-0.7009377374994106
17,Onion_1,SDR,3840,2160,6000k,8.56501766011446,/mnt/f/icme-gc/train_videos/yuv/17_Onion_1_SDR_3840x2160_6000k.yuv,17_Onion_1_SDR_3840x2160_6000k.yuv,/mnt/f/icme-gc/train_videos/yuv/17_Onion_1_SDR_3840x2160_50000k.yuv,-1.43498233988554
17,Onion_1,SDR,960,540,1500k,7.31508148995853,/mnt/f/icme-gc/train_videos/yuv/17_Onion_1_SDR_960x540_1500k.yuv,17_Onion_1_SDR_960x540_1500k.yuv,/mnt/f/icme-gc/train_videos/yuv/17_Onion_1_SDR_3840x2160_50000k.yuv,-2.68491851004147
17,Onion_1,SDR,960,540,800k,6.60150829163711,/mnt/f/icme-gc/train_videos/yuv/17_Onion_1_SDR_960x540_800k.yuv,17_Onion_1_SDR_960x540_800k.yuv,/mnt/f/icme-gc/train_videos/yuv/17_Onion_1_SDR_3840x2160_50000k.yuv,-3.39849170836289
18,Onion_2,HDR10,1280,720,2000k,7.67511559661131,/mnt/f/icme-gc/train_videos/yuv/18_Onion_2_HDR10_1280x720_2000k.yuv,18_Onion_2_HDR10_1280x720_2000k.yuv,/mnt/f/icme-gc/train_videos/yuv/18_Onion_2_HDR10_3840x2160_50000k.yuv,-2.3248844033886904
18,Onion_2,HDR10,1280,720,4000k,8.25708686767077,/mnt/f/icme-gc/train_videos/yuv/18_Onion_2_HDR10_1280x720_4000k.yuv,18_Onion_2_HDR10_1280x720_4000k.yuv,/mnt/f/icme-gc/train_videos/yuv/18_Onion_2_HDR10_3840x2160_50000k.yuv,-1.74291313232923
18,Onion_2,HDR10,1920,1080,3000k,8.05404530666976,/mnt/f/icme-gc/train_videos/yuv/18_Onion_2_HDR10_1920x1080_3000k.yuv,18_Onion_2_HDR10_1920x1080_3000k.yuv,/mnt/f/icme-gc/train_videos/yuv/18_Onion_2_HDR10_3840x2160_50000k.yuv,-1.9459546933302398
18,Onion_2,HDR10,2560,1440,10000k,9.7735906034275,/mnt/f/icme-gc/train_videos/yuv/18_Onion_2_HDR10_2560x1440_10000k.yuv,18_Onion_2_HDR10_2560x1440_10000k.yuv,/mnt/f/icme-gc/train_videos/yuv/18_Onion_2_HDR10_3840x2160_50000k.yuv,-0.2264093965724996
18,Onion_2,HDR10,3840,2160,15000k,9.41391187742811,/mnt/f/icme-gc/train_videos/yuv/18_Onion_2_HDR10_3840x2160_15000k.yuv,18_Onion_2_HDR10_3840x2160_15000k.yuv,/mnt/f/icme-gc/train_videos/yuv/18_Onion_2_HDR10_3840x2160_50000k.yuv,-0.5860881225718906
18,Onion_2,HDR10,3840,2160,6000k,9.21828786547637,/mnt/f/icme-gc/train_videos/yuv/18_Onion_2_HDR10_3840x2160_6000k.yuv,18_Onion_2_HDR10_3840x2160_6000k.yuv,/mnt/f/icme-gc/train_videos/yuv/18_Onion_2_HDR10_3840x2160_50000k.yuv,-0.7817121345236302
18,Onion_2,HDR10,960,540,1500k,7.087178673476529,/mnt/f/icme-gc/train_videos/yuv/18_Onion_2_HDR10_960x540_1500k.yuv,18_Onion_2_HDR10_960x540_1500k.yuv,/mnt/f/icme-gc/train_videos/yuv/18_Onion_2_HDR10_3840x2160_50000k.yuv,-2.9128213265234706
18,Onion_2,HDR10,960,540,800k,5.8389669389717,/mnt/f/icme-gc/train_videos/yuv/18_Onion_2_HDR10_960x540_800k.yuv,18_Onion_2_HDR10_960x540_800k.yuv,/mnt/f/icme-gc/train_videos/yuv/18_Onion_2_HDR10_3840x2160_50000k.yuv,-4.1610330610283
18,Onion_2,SDR,1280,720,2000k,8.58068305254285,/mnt/f/icme-gc/train_videos/yuv/18_Onion_2_SDR_1280x720_2000k.yuv,18_Onion_2_SDR_1280x720_2000k.yuv,/mnt/f/icme-gc/train_videos/yuv/18_Onion_2_SDR_3840x2160_50000k.yuv,-1.4193169474571494
18,Onion_2,SDR,1280,720,4000k,8.5785088317765,/mnt/f/icme-gc/train_videos/yuv/18_Onion_2_SDR_1280x720_4000k.yuv,18_Onion_2_SDR_1280x720_4000k.yuv,/mnt/f/icme-gc/train_videos/yuv/18_Onion_2_SDR_3840x2160_50000k.yuv,-1.4214911682235005
18,Onion_2,SDR,1920,1080,3000k,8.26068450468111,/mnt/f/icme-gc/train_videos/yuv/18_Onion_2_SDR_1920x1080_3000k.yuv,18_Onion_2_SDR_1920x1080_3000k.yuv,/mnt/f/icme-gc/train_videos/yuv/18_Onion_2_SDR_3840x2160_50000k.yuv,-1.7393154953188894
18,Onion_2,SDR,2560,1440,10000k,9.40175481146635,/mnt/f/icme-gc/train_videos/yuv/18_Onion_2_SDR_2560x1440_10000k.yuv,18_Onion_2_SDR_2560x1440_10000k.yuv,/mnt/f/icme-gc/train_videos/yuv/18_Onion_2_SDR_3840x2160_50000k.yuv,-0.5982451885336495
18,Onion_2,SDR,3840,2160,15000k,9.81300042786676,/mnt/f/icme-gc/train_videos/yuv/18_Onion_2_SDR_3840x2160_15000k.yuv,18_Onion_2_SDR_3840x2160_15000k.yuv,/mnt/f/icme-gc/train_videos/yuv/18_Onion_2_SDR_3840x2160_50000k.yuv,-0.18699957213324048
18,Onion_2,SDR,3840,2160,6000k,8.81215440802875,/mnt/f/icme-gc/train_videos/yuv/18_Onion_2_SDR_3840x2160_6000k.yuv,18_Onion_2_SDR_3840x2160_6000k.yuv,/mnt/f/icme-gc/train_videos/yuv/18_Onion_2_SDR_3840x2160_50000k.yuv,-1.18784559197125
18,Onion_2,SDR,960,540,1500k,7.9689963959470305,/mnt/f/icme-gc/train_videos/yuv/18_Onion_2_SDR_960x540_1500k.yuv,18_Onion_2_SDR_960x540_1500k.yuv,/mnt/f/icme-gc/train_videos/yuv/18_Onion_2_SDR_3840x2160_50000k.yuv,-2.0310036040529695
18,Onion_2,SDR,960,540,800k,7.191942133290841,/mnt/f/icme-gc/train_videos/yuv/18_Onion_2_SDR_960x540_800k.yuv,18_Onion_2_SDR_960x540_800k.yuv,/mnt/f/icme-gc/train_videos/yuv/18_Onion_2_SDR_3840x2160_50000k.yuv,-2.8080578667091594
1,Basketball_Afternoon,HDR10,1280,720,2000k,6.9453412108526695,/mnt/f/icme-gc/train_videos/yuv/1_Basketball_Afternoon_HDR10_1280x720_2000k.yuv,1_Basketball_Afternoon_HDR10_1280x720_2000k.yuv,/mnt/f/icme-gc/train_videos/yuv/1_Basketball_Afternoon_HDR10_3840x2160_50000k.yuv,-3.0546587891473305
1,Basketball_Afternoon,HDR10,1280,720,4000k,7.63019738011207,/mnt/f/icme-gc/train_videos/yuv/1_Basketball_Afternoon_HDR10_1280x720_4000k.yuv,1_Basketball_Afternoon_HDR10_1280x720_4000k.yuv,/mnt/f/icme-gc/train_videos/yuv/1_Basketball_Afternoon_HDR10_3840x2160_50000k.yuv,-2.3698026198879303
1,Basketball_Afternoon,HDR10,1920,1080,3000k,8.46291626051287,/mnt/f/icme-gc/train_videos/yuv/1_Basketball_Afternoon_HDR10_1920x1080_3000k.yuv,1_Basketball_Afternoon_HDR10_1920x1080_3000k.yuv,/mnt/f/icme-gc/train_videos/yuv/1_Basketball_Afternoon_HDR10_3840x2160_50000k.yuv,-1.5370837394871302
1,Basketball_Afternoon,HDR10,2560,1440,10000k,9.23837855455612,/mnt/f/icme-gc/train_videos/yuv/1_Basketball_Afternoon_HDR10_2560x1440_10000k.yuv,1_Basketball_Afternoon_HDR10_2560x1440_10000k.yuv,/mnt/f/icme-gc/train_videos/yuv/1_Basketball_Afternoon_HDR10_3840x2160_50000k.yuv,-0.7616214454438808
1,Basketball_Afternoon,HDR10,3840,2160,15000k,9.6227760597037,/mnt/f/icme-gc/train_videos/yuv/1_Basketball_Afternoon_HDR10_3840x2160_15000k.yuv,1_Basketball_Afternoon_HDR10_3840x2160_15000k.yuv,/mnt/f/icme-gc/train_videos/yuv/1_Basketball_Afternoon_HDR10_3840x2160_50000k.yuv,-0.37722394029630024
1,Basketball_Afternoon,HDR10,3840,2160,6000k,9.17704847966671,/mnt/f/icme-gc/train_videos/yuv/1_Basketball_Afternoon_HDR10_3840x2160_6000k.yuv,1_Basketball_Afternoon_HDR10_3840x2160_6000k.yuv,/mnt/f/icme-gc/train_videos/yuv/1_Basketball_Afternoon_HDR10_3840x2160_50000k.yuv,-0.8229515203332909
1,Basketball_Afternoon,HDR10,960,540,1500k,6.66854268281129,/mnt/f/icme-gc/train_videos/yuv/1_Basketball_Afternoon_HDR10_960x540_1500k.yuv,1_Basketball_Afternoon_HDR10_960x540_1500k.yuv,/mnt/f/icme-gc/train_videos/yuv/1_Basketball_Afternoon_HDR10_3840x2160_50000k.yuv,-3.3314573171887103
1,Basketball_Afternoon,HDR10,960,540,800k,5.33257565902044,/mnt/f/icme-gc/train_videos/yuv/1_Basketball_Afternoon_HDR10_960x540_800k.yuv,1_Basketball_Afternoon_HDR10_960x540_800k.yuv,/mnt/f/icme-gc/train_videos/yuv/1_Basketball_Afternoon_HDR10_3840x2160_50000k.yuv,-4.66742434097956
1,Basketball_Afternoon,SDR,1280,720,2000k,7.54136573770338,/mnt/f/icme-gc/train_videos/yuv/1_Basketball_Afternoon_SDR_1280x720_2000k.yuv,1_Basketball_Afternoon_SDR_1280x720_2000k.yuv,/mnt/f/icme-gc/train_videos/yuv/1_Basketball_Afternoon_SDR_3840x2160_50000k.yuv,-2.45863426229662
1,Basketball_Afternoon,SDR,1280,720,4000k,8.586135799025989,/mnt/f/icme-gc/train_videos/yuv/1_Basketball_Afternoon_SDR_1280x720_4000k.yuv,1_Basketball_Afternoon_SDR_1280x720_4000k.yuv,/mnt/f/icme-gc/train_videos/yuv/1_Basketball_Afternoon_SDR_3840x2160_50000k.yuv,-1.413864200974011
1,Basketball_Afternoon,SDR,1920,1080,3000k,8.44659037043367,/mnt/f/icme-gc/train_videos/yuv/1_Basketball_Afternoon_SDR_1920x1080_3000k.yuv,1_Basketball_Afternoon_SDR_1920x1080_3000k.yuv,/mnt/f/icme-gc/train_videos/yuv/1_Basketball_Afternoon_SDR_3840x2160_50000k.yuv,-1.55340962956633
1,Basketball_Afternoon,SDR,2560,1440,10000k,9.38614604739442,/mnt/f/icme-gc/train_videos/yuv/1_Basketball_Afternoon_SDR_2560x1440_10000k.yuv,1_Basketball_Afternoon_SDR_2560x1440_10000k.yuv,/mnt/f/icme-gc/train_videos/yuv/1_Basketball_Afternoon_SDR_3840x2160_50000k.yuv,-0.6138539526055808
1,Basketball_Afternoon,SDR,3840,2160,15000k,10.35199115756673,/mnt/f/icme-gc/train_videos/yuv/1_Basketball_Afternoon_SDR_3840x2160_15000k.yuv,1_Basketball_Afternoon_SDR_3840x2160_15000k.yuv,/mnt/f/icme-gc/train_videos/yuv/1_Basketball_Afternoon_SDR_3840x2160_50000k.yuv,0.3519911575667294
1,Basketball_Afternoon,SDR,3840,2160,6000k,9.56115038886617,/mnt/f/icme-gc/train_videos/yuv/1_Basketball_Afternoon_SDR_3840x2160_6000k.yuv,1_Basketball_Afternoon_SDR_3840x2160_6000k.yuv,/mnt/f/icme-gc/train_videos/yuv/1_Basketball_Afternoon_SDR_3840x2160_50000k.yuv,-0.43884961113382914
1,Basketball_Afternoon,SDR,960,540,1500k,6.64916264112979,/mnt/f/icme-gc/train_videos/yuv/1_Basketball_Afternoon_SDR_960x540_1500k.yuv,1_Basketball_Afternoon_SDR_960x540_1500k.yuv,/mnt/f/icme-gc/train_videos/yuv/1_Basketball_Afternoon_SDR_3840x2160_50000k.yuv,-3.3508373588702103
1,Basketball_Afternoon,SDR,960,540,800k,4.99367664382048,/mnt/f/icme-gc/train_videos/yuv/1_Basketball_Afternoon_SDR_960x540_800k.yuv,1_Basketball_Afternoon_SDR_960x540_800k.yuv,/mnt/f/icme-gc/train_videos/yuv/1_Basketball_Afternoon_SDR_3840x2160_50000k.yuv,-5.00632335617952
20,Phone_Call,HDR10,1280,720,2000k,7.36906346081369,/mnt/f/icme-gc/train_videos/yuv/20_Phone_Call_HDR10_1280x720_2000k.yuv,20_Phone_Call_HDR10_1280x720_2000k.yuv,/mnt/f/icme-gc/train_videos/yuv/20_Phone_Call_HDR10_3840x2160_50000k.yuv,-2.63093653918631
20,Phone_Call,HDR10,1280,720,4000k,7.790158365147489,/mnt/f/icme-gc/train_videos/yuv/20_Phone_Call_HDR10_1280x720_4000k.yuv,20_Phone_Call_HDR10_1280x720_4000k.yuv,/mnt/f/icme-gc/train_videos/yuv/20_Phone_Call_HDR10_3840x2160_50000k.yuv,-2.209841634852511
20,Phone_Call,HDR10,1920,1080,3000k,8.80357466367451,/mnt/f/icme-gc/train_videos/yuv/20_Phone_Call_HDR10_1920x1080_3000k.yuv,20_Phone_Call_HDR10_1920x1080_3000k.yuv,/mnt/f/icme-gc/train_videos/yuv/20_Phone_Call_HDR10_3840x2160_50000k.yuv,-1.1964253363254898
20,Phone_Call,HDR10,2560,1440,10000k,9.50121858913774,/mnt/f/icme-gc/train_videos/yuv/20_Phone_Call_HDR10_2560x1440_10000k.yuv,20_Phone_Call_HDR10_2560x1440_10000k.yuv,/mnt/f/icme-gc/train_videos/yuv/20_Phone_Call_HDR10_3840x2160_50000k.yuv,-0.4987814108622608
20,Phone_Call,HDR10,3840,2160,15000k,10.30421083385841,/mnt/f/icme-gc/train_videos/yuv/20_Phone_Call_HDR10_3840x2160_15000k.yuv,20_Phone_Call_HDR10_3840x2160_15000k.yuv,/mnt/f/icme-gc/train_videos/yuv/20_Phone_Call_HDR10_3840x2160_50000k.yuv,0.3042108338584093
20,Phone_Call,HDR10,3840,2160,6000k,9.69120363316496,/mnt/f/icme-gc/train_videos/yuv/20_Phone_Call_HDR10_3840x2160_6000k.yuv,20_Phone_Call_HDR10_3840x2160_6000k.yuv,/mnt/f/icme-gc/train_videos/yuv/20_Phone_Call_HDR10_3840x2160_50000k.yuv,-0.30879636683503975
20,Phone_Call,HDR10,960,540,1500k,6.14354729707455,/mnt/f/icme-gc/train_videos/yuv/20_Phone_Call_HDR10_960x540_1500k.yuv,20_Phone_Call_HDR10_960x540_1500k.yuv,/mnt/f/icme-gc/train_videos/yuv/20_Phone_Call_HDR10_3840x2160_50000k.yuv,-3.8564527029254503
20,Phone_Call,HDR10,960,540,800k,5.8609369152280095,/mnt/f/icme-gc/train_videos/yuv/20_Phone_Call_HDR10_960x540_800k.yuv,20_Phone_Call_HDR10_960x540_800k.yuv,/mnt/f/icme-gc/train_videos/yuv/20_Phone_Call_HDR10_3840x2160_50000k.yuv,-4.1390630847719905
20,Phone_Call,SDR,1280,720,2000k,7.296713119163201,/mnt/f/icme-gc/train_videos/yuv/20_Phone_Call_SDR_1280x720_2000k.yuv,20_Phone_Call_SDR_1280x720_2000k.yuv,/mnt/f/icme-gc/train_videos/yuv/20_Phone_Call_SDR_3840x2160_50000k.yuv,-2.7032868808367994
20,Phone_Call,SDR,1280,720,4000k,7.56543683204834,/mnt/f/icme-gc/train_videos/yuv/20_Phone_Call_SDR_1280x720_4000k.yuv,20_Phone_Call_SDR_1280x720_4000k.yuv,/mnt/f/icme-gc/train_videos/yuv/20_Phone_Call_SDR_3840x2160_50000k.yuv,-2.4345631679516604
20,Phone_Call,SDR,1920,1080,3000k,8.24283450962275,/mnt/f/icme-gc/train_videos/yuv/20_Phone_Call_SDR_1920x1080_3000k.yuv,20_Phone_Call_SDR_1920x1080_3000k.yuv,/mnt/f/icme-gc/train_videos/yuv/20_Phone_Call_SDR_3840x2160_50000k.yuv,-1.7571654903772504
20,Phone_Call,SDR,2560,1440,10000k,8.41323600167925,/mnt/f/icme-gc/train_videos/yuv/20_Phone_Call_SDR_2560x1440_10000k.yuv,20_Phone_Call_SDR_2560x1440_10000k.yuv,/mnt/f/icme-gc/train_videos/yuv/20_Phone_Call_SDR_3840x2160_50000k.yuv,-1.58676399832075
20,Phone_Call,SDR,3840,2160,15000k,9.314472746013749,/mnt/f/icme-gc/train_videos/yuv/20_Phone_Call_SDR_3840x2160_15000k.yuv,20_Phone_Call_SDR_3840x2160_15000k.yuv,/mnt/f/icme-gc/train_videos/yuv/20_Phone_Call_SDR_3840x2160_50000k.yuv,-0.6855272539862511
20,Phone_Call,SDR,3840,2160,6000k,8.86025864150469,/mnt/f/icme-gc/train_videos/yuv/20_Phone_Call_SDR_3840x2160_6000k.yuv,20_Phone_Call_SDR_3840x2160_6000k.yuv,/mnt/f/icme-gc/train_videos/yuv/20_Phone_Call_SDR_3840x2160_50000k.yuv,-1.1397413584953107
20,Phone_Call,SDR,960,540,1500k,5.8086297446941,/mnt/f/icme-gc/train_videos/yuv/20_Phone_Call_SDR_960x540_1500k.yuv,20_Phone_Call_SDR_960x540_1500k.yuv,/mnt/f/icme-gc/train_videos/yuv/20_Phone_Call_SDR_3840x2160_50000k.yuv,-4.1913702553059
20,Phone_Call,SDR,960,540,800k,5.45087835281418,/mnt/f/icme-gc/train_videos/yuv/20_Phone_Call_SDR_960x540_800k.yuv,20_Phone_Call_SDR_960x540_800k.yuv,/mnt/f/icme-gc/train_videos/yuv/20_Phone_Call_SDR_3840x2160_50000k.yuv,-4.54912164718582
21,Power_Pole_Sky,HDR10,1280,720,2000k,7.7470762578690495,/mnt/f/icme-gc/train_videos/yuv/21_Power_Pole_Sky_HDR10_1280x720_2000k.yuv,21_Power_Pole_Sky_HDR10_1280x720_2000k.yuv,/mnt/f/icme-gc/train_videos/yuv/21_Power_Pole_Sky_HDR10_3840x2160_50000k.yuv,-2.2529237421309505
21,Power_Pole_Sky,HDR10,1280,720,4000k,8.555250658690559,/mnt/f/icme-gc/train_videos/yuv/21_Power_Pole_Sky_HDR10_1280x720_4000k.yuv,21_Power_Pole_Sky_HDR10_1280x720_4000k.yuv,/mnt/f/icme-gc/train_videos/yuv/21_Power_Pole_Sky_HDR10_3840x2160_50000k.yuv,-1.444749341309441
21,Power_Pole_Sky,HDR10,1920,1080,3000k,9.02036181683704,/mnt/f/icme-gc/train_videos/yuv/21_Power_Pole_Sky_HDR10_1920x1080_3000k.yuv,21_Power_Pole_Sky_HDR10_1920x1080_3000k.yuv,/mnt/f/icme-gc/train_videos/yuv/21_Power_Pole_Sky_HDR10_3840x2160_50000k.yuv,-0.9796381831629599
21,Power_Pole_Sky,HDR10,2560,1440,10000k,10.25340659004867,/mnt/f/icme-gc/train_videos/yuv/21_Power_Pole_Sky_HDR10_2560x1440_10000k.yuv,21_Power_Pole_Sky_HDR10_2560x1440_10000k.yuv,/mnt/f/icme-gc/train_videos/yuv/21_Power_Pole_Sky_HDR10_3840x2160_50000k.yuv,0.2534065900486695
21,Power_Pole_Sky,HDR10,3840,2160,15000k,10.121392694400448,/mnt/f/icme-gc/train_videos/yuv/21_Power_Pole_Sky_HDR10_3840x2160_15000k.yuv,21_Power_Pole_Sky_HDR10_3840x2160_15000k.yuv,/mnt/f/icme-gc/train_videos/yuv/21_Power_Pole_Sky_HDR10_3840x2160_50000k.yuv,0.12139269440044842
21,Power_Pole_Sky,HDR10,3840,2160,6000k,10.01224629239202,/mnt/f/icme-gc/train_videos/yuv/21_Power_Pole_Sky_HDR10_3840x2160_6000k.yuv,21_Power_Pole_Sky_HDR10_3840x2160_6000k.yuv,/mnt/f/icme-gc/train_videos/yuv/21_Power_Pole_Sky_HDR10_3840x2160_50000k.yuv,0.012246292392019242
21,Power_Pole_Sky,HDR10,960,540,1500k,7.23701071465191,/mnt/f/icme-gc/train_videos/yuv/21_Power_Pole_Sky_HDR10_960x540_1500k.yuv,21_Power_Pole_Sky_HDR10_960x540_1500k.yuv,/mnt/f/icme-gc/train_videos/yuv/21_Power_Pole_Sky_HDR10_3840x2160_50000k.yuv,-2.76298928534809
21,Power_Pole_Sky,HDR10,960,540,800k,6.51069790523437,/mnt/f/icme-gc/train_videos/yuv/21_Power_Pole_Sky_HDR10_960x540_800k.yuv,21_Power_Pole_Sky_HDR10_960x540_800k.yuv,/mnt/f/icme-gc/train_videos/yuv/21_Power_Pole_Sky_HDR10_3840x2160_50000k.yuv,-3.4893020947656304
21,Power_Pole_Sky,SDR,1280,720,2000k,7.79063700209415,/mnt/f/icme-gc/train_videos/yuv/21_Power_Pole_Sky_SDR_1280x720_2000k.yuv,21_Power_Pole_Sky_SDR_1280x720_2000k.yuv,/mnt/f/icme-gc/train_videos/yuv/21_Power_Pole_Sky_SDR_3840x2160_50000k.yuv,-2.20936299790585
21,Power_Pole_Sky,SDR,1280,720,4000k,8.32143288375199,/mnt/f/icme-gc/train_videos/yuv/21_Power_Pole_Sky_SDR_1280x720_4000k.yuv,21_Power_Pole_Sky_SDR_1280x720_4000k.yuv,/mnt/f/icme-gc/train_videos/yuv/21_Power_Pole_Sky_SDR_3840x2160_50000k.yuv,-1.6785671162480096
21,Power_Pole_Sky,SDR,1920,1080,3000k,8.94426548450661,/mnt/f/icme-gc/train_videos/yuv/21_Power_Pole_Sky_SDR_1920x1080_3000k.yuv,21_Power_Pole_Sky_SDR_1920x1080_3000k.yuv,/mnt/f/icme-gc/train_videos/yuv/21_Power_Pole_Sky_SDR_3840x2160_50000k.yuv,-1.0557345154933895
21,Power_Pole_Sky,SDR,2560,1440,10000k,9.41846242945817,/mnt/f/icme-gc/train_videos/yuv/21_Power_Pole_Sky_SDR_2560x1440_10000k.yuv,21_Power_Pole_Sky_SDR_2560x1440_10000k.yuv,/mnt/f/icme-gc/train_videos/yuv/21_Power_Pole_Sky_SDR_3840x2160_50000k.yuv,-0.5815375705418298
21,Power_Pole_Sky,SDR,3840,2160,15000k,10.173676128306193,/mnt/f/icme-gc/train_videos/yuv/21_Power_Pole_Sky_SDR_3840x2160_15000k.yuv,21_Power_Pole_Sky_SDR_3840x2160_15000k.yuv,/mnt/f/icme-gc/train_videos/yuv/21_Power_Pole_Sky_SDR_3840x2160_50000k.yuv,0.17367612830619272
21,Power_Pole_Sky,SDR,3840,2160,6000k,9.27154383794744,/mnt/f/icme-gc/train_videos/yuv/21_Power_Pole_Sky_SDR_3840x2160_6000k.yuv,21_Power_Pole_Sky_SDR_3840x2160_6000k.yuv,/mnt/f/icme-gc/train_videos/yuv/21_Power_Pole_Sky_SDR_3840x2160_50000k.yuv,-0.7284561620525594
21,Power_Pole_Sky,SDR,960,540,1500k,7.07527640175375,/mnt/f/icme-gc/train_videos/yuv/21_Power_Pole_Sky_SDR_960x540_1500k.yuv,21_Power_Pole_Sky_SDR_960x540_1500k.yuv,/mnt/f/icme-gc/train_videos/yuv/21_Power_Pole_Sky_SDR_3840x2160_50000k.yuv,-2.92472359824625
21,Power_Pole_Sky,SDR,960,540,800k,6.99787248080371,/mnt/f/icme-gc/train_videos/yuv/21_Power_Pole_Sky_SDR_960x540_800k.yuv,21_Power_Pole_Sky_SDR_960x540_800k.yuv,/mnt/f/icme-gc/train_videos/yuv/21_Power_Pole_Sky_SDR_3840x2160_50000k.yuv,-3.00212751919629
23,Reading_Bench,HDR10,1280,720,2000k,8.01568051970316,/mnt/f/icme-gc/train_videos/yuv/23_Reading_Bench_HDR10_1280x720_2000k.yuv,23_Reading_Bench_HDR10_1280x720_2000k.yuv,/mnt/f/icme-gc/train_videos/yuv/23_Reading_Bench_HDR10_3840x2160_50000k.yuv,-1.9843194802968398
23,Reading_Bench,HDR10,1280,720,4000k,8.4375204865214,/mnt/f/icme-gc/train_videos/yuv/23_Reading_Bench_HDR10_1280x720_4000k.yuv,23_Reading_Bench_HDR10_1280x720_4000k.yuv,/mnt/f/icme-gc/train_videos/yuv/23_Reading_Bench_HDR10_3840x2160_50000k.yuv,-1.5624795134785998
23,Reading_Bench,HDR10,1920,1080,3000k,9.25654048869957,/mnt/f/icme-gc/train_videos/yuv/23_Reading_Bench_HDR10_1920x1080_3000k.yuv,23_Reading_Bench_HDR10_1920x1080_3000k.yuv,/mnt/f/icme-gc/train_videos/yuv/23_Reading_Bench_HDR10_3840x2160_50000k.yuv,-0.7434595113004292
23,Reading_Bench,HDR10,2560,1440,10000k,9.43758980826384,/mnt/f/icme-gc/train_videos/yuv/23_Reading_Bench_HDR10_2560x1440_10000k.yuv,23_Reading_Bench_HDR10_2560x1440_10000k.yuv,/mnt/f/icme-gc/train_videos/yuv/23_Reading_Bench_HDR10_3840x2160_50000k.yuv,-0.5624101917361592
23,Reading_Bench,HDR10,3840,2160,15000k,10.40618541950241,/mnt/f/icme-gc/train_videos/yuv/23_Reading_Bench_HDR10_3840x2160_15000k.yuv,23_Reading_Bench_HDR10_3840x2160_15000k.yuv,/mnt/f/icme-gc/train_videos/yuv/23_Reading_Bench_HDR10_3840x2160_50000k.yuv,0.4061854195024104
23,Reading_Bench,HDR10,3840,2160,6000k,9.787544882368351,/mnt/f/icme-gc/train_videos/yuv/23_Reading_Bench_HDR10_3840x2160_6000k.yuv,23_Reading_Bench_HDR10_3840x2160_6000k.yuv,/mnt/f/icme-gc/train_videos/yuv/23_Reading_Bench_HDR10_3840x2160_50000k.yuv,-0.2124551176316487
23,Reading_Bench,HDR10,960,540,1500k,7.27905457199191,/mnt/f/icme-gc/train_videos/yuv/23_Reading_Bench_HDR10_960x540_1500k.yuv,23_Reading_Bench_HDR10_960x540_1500k.yuv,/mnt/f/icme-gc/train_videos/yuv/23_Reading_Bench_HDR10_3840x2160_50000k.yuv,-2.72094542800809
23,Reading_Bench,HDR10,960,540,800k,6.57430192511767,/mnt/f/icme-gc/train_videos/yuv/23_Reading_Bench_HDR10_960x540_800k.yuv,23_Reading_Bench_HDR10_960x540_800k.yuv,/mnt/f/icme-gc/train_videos/yuv/23_Reading_Bench_HDR10_3840x2160_50000k.yuv,-3.4256980748823302
23,Reading_Bench,SDR,1280,720,2000k,7.596208845997131,/mnt/f/icme-gc/train_videos/yuv/23_Reading_Bench_SDR_1280x720_2000k.yuv,23_Reading_Bench_SDR_1280x720_2000k.yuv,/mnt/f/icme-gc/train_videos/yuv/23_Reading_Bench_SDR_3840x2160_50000k.yuv,-2.403791154002869
23,Reading_Bench,SDR,1280,720,4000k,8.08812286933853,/mnt/f/icme-gc/train_videos/yuv/23_Reading_Bench_SDR_1280x720_4000k.yuv,23_Reading_Bench_SDR_1280x720_4000k.yuv,/mnt/f/icme-gc/train_videos/yuv/23_Reading_Bench_SDR_3840x2160_50000k.yuv,-1.9118771306614697
23,Reading_Bench,SDR,1920,1080,3000k,8.88422995179678,/mnt/f/icme-gc/train_videos/yuv/23_Reading_Bench_SDR_1920x1080_3000k.yuv,23_Reading_Bench_SDR_1920x1080_3000k.yuv,/mnt/f/icme-gc/train_videos/yuv/23_Reading_Bench_SDR_3840x2160_50000k.yuv,-1.1157700482032205
23,Reading_Bench,SDR,2560,1440,10000k,9.23415532728124,/mnt/f/icme-gc/train_videos/yuv/23_Reading_Bench_SDR_2560x1440_10000k.yuv,23_Reading_Bench_SDR_2560x1440_10000k.yuv,/mnt/f/icme-gc/train_videos/yuv/23_Reading_Bench_SDR_3840x2160_50000k.yuv,-0.7658446727187602
23,Reading_Bench,SDR,3840,2160,15000k,9.73306705198966,/mnt/f/icme-gc/train_videos/yuv/23_Reading_Bench_SDR_3840x2160_15000k.yuv,23_Reading_Bench_SDR_3840x2160_15000k.yuv,/mnt/f/icme-gc/train_videos/yuv/23_Reading_Bench_SDR_3840x2160_50000k.yuv,-0.2669329480103393
23,Reading_Bench,SDR,3840,2160,6000k,9.40099745620701,/mnt/f/icme-gc/train_videos/yuv/23_Reading_Bench_SDR_3840x2160_6000k.yuv,23_Reading_Bench_SDR_3840x2160_6000k.yuv,/mnt/f/icme-gc/train_videos/yuv/23_Reading_Bench_SDR_3840x2160_50000k.yuv,-0.5990025437929898
23,Reading_Bench,SDR,960,540,1500k,6.622270248117941,/mnt/f/icme-gc/train_videos/yuv/23_Reading_Bench_SDR_960x540_1500k.yuv,23_Reading_Bench_SDR_960x540_1500k.yuv,/mnt/f/icme-gc/train_videos/yuv/23_Reading_Bench_SDR_3840x2160_50000k.yuv,-3.3777297518820593
23,Reading_Bench,SDR,960,540,800k,5.74597740957211,/mnt/f/icme-gc/train_videos/yuv/23_Reading_Bench_SDR_960x540_800k.yuv,23_Reading_Bench_SDR_960x540_800k.yuv,/mnt/f/icme-gc/train_videos/yuv/23_Reading_Bench_SDR_3840x2160_50000k.yuv,-4.25402259042789
24,Reading_Stairs,HDR10,1280,720,2000k,7.49304139982328,/mnt/f/icme-gc/train_videos/yuv/24_Reading_Stairs_HDR10_1280x720_2000k.yuv,24_Reading_Stairs_HDR10_1280x720_2000k.yuv,/mnt/f/icme-gc/train_videos/yuv/24_Reading_Stairs_HDR10_3840x2160_50000k.yuv,-2.50695860017672
24,Reading_Stairs,HDR10,1280,720,4000k,7.55231628912847,/mnt/f/icme-gc/train_videos/yuv/24_Reading_Stairs_HDR10_1280x720_4000k.yuv,24_Reading_Stairs_HDR10_1280x720_4000k.yuv,/mnt/f/icme-gc/train_videos/yuv/24_Reading_Stairs_HDR10_3840x2160_50000k.yuv,-2.44768371087153
24,Reading_Stairs,HDR10,1920,1080,3000k,8.221582567503,/mnt/f/icme-gc/train_videos/yuv/24_Reading_Stairs_HDR10_1920x1080_3000k.yuv,24_Reading_Stairs_HDR10_1920x1080_3000k.yuv,/mnt/f/icme-gc/train_videos/yuv/24_Reading_Stairs_HDR10_3840x2160_50000k.yuv,-1.7784174324969992
24,Reading_Stairs,HDR10,2560,1440,10000k,8.92473741079675,/mnt/f/icme-gc/train_videos/yuv/24_Reading_Stairs_HDR10_2560x1440_10000k.yuv,24_Reading_Stairs_HDR10_2560x1440_10000k.yuv,/mnt/f/icme-gc/train_videos/yuv/24_Reading_Stairs_HDR10_3840x2160_50000k.yuv,-1.0752625892032501
24,Reading_Stairs,HDR10,3840,2160,15000k,9.53336434118965,/mnt/f/icme-gc/train_videos/yuv/24_Reading_Stairs_HDR10_3840x2160_15000k.yuv,24_Reading_Stairs_HDR10_3840x2160_15000k.yuv,/mnt/f/icme-gc/train_videos/yuv/24_Reading_Stairs_HDR10_3840x2160_50000k.yuv,-0.4666356588103504
24,Reading_Stairs,HDR10,3840,2160,6000k,8.926785258446529,/mnt/f/icme-gc/train_videos/yuv/24_Reading_Stairs_HDR10_3840x2160_6000k.yuv,24_Reading_Stairs_HDR10_3840x2160_6000k.yuv,/mnt/f/icme-gc/train_videos/yuv/24_Reading_Stairs_HDR10_3840x2160_50000k.yuv,-1.0732147415534712
24,Reading_Stairs,HDR10,960,540,1500k,6.64569925373993,/mnt/f/icme-gc/train_videos/yuv/24_Reading_Stairs_HDR10_960x540_1500k.yuv,24_Reading_Stairs_HDR10_960x540_1500k.yuv,/mnt/f/icme-gc/train_videos/yuv/24_Reading_Stairs_HDR10_3840x2160_50000k.yuv,-3.35430074626007
24,Reading_Stairs,HDR10,960,540,800k,5.39419438910482,/mnt/f/icme-gc/train_videos/yuv/24_Reading_Stairs_HDR10_960x540_800k.yuv,24_Reading_Stairs_HDR10_960x540_800k.yuv,/mnt/f/icme-gc/train_videos/yuv/24_Reading_Stairs_HDR10_3840x2160_50000k.yuv,-4.60580561089518
24,Reading_Stairs,SDR,1280,720,2000k,8.08417178865161,/mnt/f/icme-gc/train_videos/yuv/24_Reading_Stairs_SDR_1280x720_2000k.yuv,24_Reading_Stairs_SDR_1280x720_2000k.yuv,/mnt/f/icme-gc/train_videos/yuv/24_Reading_Stairs_SDR_3840x2160_50000k.yuv,-1.9158282113483907
24,Reading_Stairs,SDR,1280,720,4000k,8.41285025482878,/mnt/f/icme-gc/train_videos/yuv/24_Reading_Stairs_SDR_1280x720_4000k.yuv,24_Reading_Stairs_SDR_1280x720_4000k.yuv,/mnt/f/icme-gc/train_videos/yuv/24_Reading_Stairs_SDR_3840x2160_50000k.yuv,-1.5871497451712209
24,Reading_Stairs,SDR,1920,1080,3000k,8.30350653179431,/mnt/f/icme-gc/train_videos/yuv/24_Reading_Stairs_SDR_1920x1080_3000k.yuv,24_Reading_Stairs_SDR_1920x1080_3000k.yuv,/mnt/f/icme-gc/train_videos/yuv/24_Reading_Stairs_SDR_3840x2160_50000k.yuv,-1.6964934682056896
24,Reading_Stairs,SDR,2560,1440,10000k,9.73539925284646,/mnt/f/icme-gc/train_videos/yuv/24_Reading_Stairs_SDR_2560x1440_10000k.yuv,24_Reading_Stairs_SDR_2560x1440_10000k.yuv,/mnt/f/icme-gc/train_videos/yuv/24_Reading_Stairs_SDR_3840x2160_50000k.yuv,-0.26460074715354054
24,Reading_Stairs,SDR,3840,2160,15000k,10.37821281729046,/mnt/f/icme-gc/train_videos/yuv/24_Reading_Stairs_SDR_3840x2160_15000k.yuv,24_Reading_Stairs_SDR_3840x2160_15000k.yuv,/mnt/f/icme-gc/train_videos/yuv/24_Reading_Stairs_SDR_3840x2160_50000k.yuv,0.37821281729046063
24,Reading_Stairs,SDR,3840,2160,6000k,9.619612951956247,/mnt/f/icme-gc/train_videos/yuv/24_Reading_Stairs_SDR_3840x2160_6000k.yuv,24_Reading_Stairs_SDR_3840x2160_6000k.yuv,/mnt/f/icme-gc/train_videos/yuv/24_Reading_Stairs_SDR_3840x2160_50000k.yuv,-0.3803870480437528
24,Reading_Stairs,SDR,960,540,1500k,7.799342608873919,/mnt/f/icme-gc/train_videos/yuv/24_Reading_Stairs_SDR_960x540_1500k.yuv,24_Reading_Stairs_SDR_960x540_1500k.yuv,/mnt/f/icme-gc/train_videos/yuv/24_Reading_Stairs_SDR_3840x2160_50000k.yuv,-2.2006573911260814
24,Reading_Stairs,SDR,960,540,800k,6.60309929524884,/mnt/f/icme-gc/train_videos/yuv/24_Reading_Stairs_SDR_960x540_800k.yuv,24_Reading_Stairs_SDR_960x540_800k.yuv,/mnt/f/icme-gc/train_videos/yuv/24_Reading_Stairs_SDR_3840x2160_50000k.yuv,-3.39690070475116
26,Sitting,HDR10,1280,720,2000k,8.98335733267103,/mnt/f/icme-gc/train_videos/yuv/26_Sitting_HDR10_1280x720_2000k.yuv,26_Sitting_HDR10_1280x720_2000k.yuv,/mnt/f/icme-gc/train_videos/yuv/26_Sitting_HDR10_3840x2160_50000k.yuv,-1.01664266732897
26,Sitting,HDR10,1280,720,4000k,9.16078792654104,/mnt/f/icme-gc/train_videos/yuv/26_Sitting_HDR10_1280x720_4000k.yuv,26_Sitting_HDR10_1280x720_4000k.yuv,/mnt/f/icme-gc/train_videos/yuv/26_Sitting_HDR10_3840x2160_50000k.yuv,-0.8392120734589597
26,Sitting,HDR10,1920,1080,3000k,9.97609807392642,/mnt/f/icme-gc/train_videos/yuv/26_Sitting_HDR10_1920x1080_3000k.yuv,26_Sitting_HDR10_1920x1080_3000k.yuv,/mnt/f/icme-gc/train_videos/yuv/26_Sitting_HDR10_3840x2160_50000k.yuv,-0.02390192607358088
26,Sitting,HDR10,2560,1440,10000k,11.07092026406954,/mnt/f/icme-gc/train_videos/yuv/26_Sitting_HDR10_2560x1440_10000k.yuv,26_Sitting_HDR10_2560x1440_10000k.yuv,/mnt/f/icme-gc/train_videos/yuv/26_Sitting_HDR10_3840x2160_50000k.yuv,1.0709202640695406
26,Sitting,HDR10,3840,2160,15000k,10.28588638930126,/mnt/f/icme-gc/train_videos/yuv/26_Sitting_HDR10_3840x2160_15000k.yuv,26_Sitting_HDR10_3840x2160_15000k.yuv,/mnt/f/icme-gc/train_videos/yuv/26_Sitting_HDR10_3840x2160_50000k.yuv,0.2858863893012593
26,Sitting,HDR10,3840,2160,6000k,9.73238789107579,/mnt/f/icme-gc/train_videos/yuv/26_Sitting_HDR10_3840x2160_6000k.yuv,26_Sitting_HDR10_3840x2160_6000k.yuv,/mnt/f/icme-gc/train_videos/yuv/26_Sitting_HDR10_3840x2160_50000k.yuv,-0.26761210892420983
26,Sitting,HDR10,960,540,1500k,7.968618777671139,/mnt/f/icme-gc/train_videos/yuv/26_Sitting_HDR10_960x540_1500k.yuv,26_Sitting_HDR10_960x540_1500k.yuv,/mnt/f/icme-gc/train_videos/yuv/26_Sitting_HDR10_3840x2160_50000k.yuv,-2.0313812223288608
26,Sitting,HDR10,960,540,800k,7.547373561699509,/mnt/f/icme-gc/train_videos/yuv/26_Sitting_HDR10_960x540_800k.yuv,26_Sitting_HDR10_960x540_800k.yuv,/mnt/f/icme-gc/train_videos/yuv/26_Sitting_HDR10_3840x2160_50000k.yuv,-2.4526264383004914
26,Sitting,SDR,1280,720,2000k,8.708138369913101,/mnt/f/icme-gc/train_videos/yuv/26_Sitting_SDR_1280x720_2000k.yuv,26_Sitting_SDR_1280x720_2000k.yuv,/mnt/f/icme-gc/train_videos/yuv/26_Sitting_SDR_3840x2160_50000k.yuv,-1.291861630086899
26,Sitting,SDR,1280,720,4000k,8.80418289903074,/mnt/f/icme-gc/train_videos/yuv/26_Sitting_SDR_1280x720_4000k.yuv,26_Sitting_SDR_1280x720_4000k.yuv,/mnt/f/icme-gc/train_videos/yuv/26_Sitting_SDR_3840x2160_50000k.yuv,-1.1958171009692595
26,Sitting,SDR,1920,1080,3000k,9.60340690095899,/mnt/f/icme-gc/train_videos/yuv/26_Sitting_SDR_1920x1080_3000k.yuv,26_Sitting_SDR_1920x1080_3000k.yuv,/mnt/f/icme-gc/train_videos/yuv/26_Sitting_SDR_3840x2160_50000k.yuv,-0.39659309904100937
26,Sitting,SDR,2560,1440,10000k,9.64260033962796,/mnt/f/icme-gc/train_videos/yuv/26_Sitting_SDR_2560x1440_10000k.yuv,26_Sitting_SDR_2560x1440_10000k.yuv,/mnt/f/icme-gc/train_videos/yuv/26_Sitting_SDR_3840x2160_50000k.yuv,-0.35739966037204063
26,Sitting,SDR,3840,2160,15000k,10.31599062859408,/mnt/f/icme-gc/train_videos/yuv/26_Sitting_SDR_3840x2160_15000k.yuv,26_Sitting_SDR_3840x2160_15000k.yuv,/mnt/f/icme-gc/train_videos/yuv/26_Sitting_SDR_3840x2160_50000k.yuv,0.3159906285940792
26,Sitting,SDR,3840,2160,6000k,9.95517178824004,/mnt/f/icme-gc/train_videos/yuv/26_Sitting_SDR_3840x2160_6000k.yuv,26_Sitting_SDR_3840x2160_6000k.yuv,/mnt/f/icme-gc/train_videos/yuv/26_Sitting_SDR_3840x2160_50000k.yuv,-0.04482821175995966
26,Sitting,SDR,960,540,1500k,7.56441298567285,/mnt/f/icme-gc/train_videos/yuv/26_Sitting_SDR_960x540_1500k.yuv,26_Sitting_SDR_960x540_1500k.yuv,/mnt/f/icme-gc/train_videos/yuv/26_Sitting_SDR_3840x2160_50000k.yuv,-2.43558701432715
26,Sitting,SDR,960,540,800k,7.248823928300069,/mnt/f/icme-gc/train_videos/yuv/26_Sitting_SDR_960x540_800k.yuv,26_Sitting_SDR_960x540_800k.yuv,/mnt/f/icme-gc/train_videos/yuv/26_Sitting_SDR_3840x2160_50000k.yuv,-2.7511760716999314
27,Skateboarding,HDR10,1280,720,2000k,6.59964499912331,/mnt/f/icme-gc/train_videos/yuv/27_Skateboarding_HDR10_1280x720_2000k.yuv,27_Skateboarding_HDR10_1280x720_2000k.yuv,/mnt/f/icme-gc/train_videos/yuv/27_Skateboarding_HDR10_3840x2160_50000k.yuv,-3.40035500087669
27,Skateboarding,HDR10,1280,720,4000k,7.57428221764625,/mnt/f/icme-gc/train_videos/yuv/27_Skateboarding_HDR10_1280x720_4000k.yuv,27_Skateboarding_HDR10_1280x720_4000k.yuv,/mnt/f/icme-gc/train_videos/yuv/27_Skateboarding_HDR10_3840x2160_50000k.yuv,-2.4257177823537504
27,Skateboarding,HDR10,1920,1080,3000k,7.81733430873868,/mnt/f/icme-gc/train_videos/yuv/27_Skateboarding_HDR10_1920x1080_3000k.yuv,27_Skateboarding_HDR10_1920x1080_3000k.yuv,/mnt/f/icme-gc/train_videos/yuv/27_Skateboarding_HDR10_3840x2160_50000k.yuv,-2.1826656912613203
27,Skateboarding,HDR10,2560,1440,10000k,8.87236603803462,/mnt/f/icme-gc/train_videos/yuv/27_Skateboarding_HDR10_2560x1440_10000k.yuv,27_Skateboarding_HDR10_2560x1440_10000k.yuv,/mnt/f/icme-gc/train_videos/yuv/27_Skateboarding_HDR10_3840x2160_50000k.yuv,-1.1276339619653797
27,Skateboarding,HDR10,3840,2160,15000k,9.37185977586591,/mnt/f/icme-gc/train_videos/yuv/27_Skateboarding_HDR10_3840x2160_15000k.yuv,27_Skateboarding_HDR10_3840x2160_15000k.yuv,/mnt/f/icme-gc/train_videos/yuv/27_Skateboarding_HDR10_3840x2160_50000k.yuv,-0.6281402241340892
27,Skateboarding,HDR10,3840,2160,6000k,8.7445624206089,/mnt/f/icme-gc/train_videos/yuv/27_Skateboarding_HDR10_3840x2160_6000k.yuv,27_Skateboarding_HDR10_3840x2160_6000k.yuv,/mnt/f/icme-gc/train_videos/yuv/27_Skateboarding_HDR10_3840x2160_50000k.yuv,-1.2554375793910992
27,Skateboarding,HDR10,960,540,1500k,5.633535905700239,/mnt/f/icme-gc/train_videos/yuv/27_Skateboarding_HDR10_960x540_1500k.yuv,27_Skateboarding_HDR10_960x540_1500k.yuv,/mnt/f/icme-gc/train_videos/yuv/27_Skateboarding_HDR10_3840x2160_50000k.yuv,-4.366464094299761
27,Skateboarding,HDR10,960,540,800k,4.5095658949129,/mnt/f/icme-gc/train_videos/yuv/27_Skateboarding_HDR10_960x540_800k.yuv,27_Skateboarding_HDR10_960x540_800k.yuv,/mnt/f/icme-gc/train_videos/yuv/27_Skateboarding_HDR10_3840x2160_50000k.yuv,-5.4904341050871
27,Skateboarding,SDR,1280,720,2000k,6.6233883228994905,/mnt/f/icme-gc/train_videos/yuv/27_Skateboarding_SDR_1280x720_2000k.yuv,27_Skateboarding_SDR_1280x720_2000k.yuv,/mnt/f/icme-gc/train_videos/yuv/27_Skateboarding_SDR_3840x2160_50000k.yuv,-3.3766116771005095
27,Skateboarding,SDR,1280,720,4000k,8.56701445261011,/mnt/f/icme-gc/train_videos/yuv/27_Skateboarding_SDR_1280x720_4000k.yuv,27_Skateboarding_SDR_1280x720_4000k.yuv,/mnt/f/icme-gc/train_videos/yuv/27_Skateboarding_SDR_3840x2160_50000k.yuv,-1.4329855473898903
27,Skateboarding,SDR,1920,1080,3000k,7.30167616320516,/mnt/f/icme-gc/train_videos/yuv/27_Skateboarding_SDR_1920x1080_3000k.yuv,27_Skateboarding_SDR_1920x1080_3000k.yuv,/mnt/f/icme-gc/train_videos/yuv/27_Skateboarding_SDR_3840x2160_50000k.yuv,-2.69832383679484
27,Skateboarding,SDR,2560,1440,10000k,9.098599810134,/mnt/f/icme-gc/train_videos/yuv/27_Skateboarding_SDR_2560x1440_10000k.yuv,27_Skateboarding_SDR_2560x1440_10000k.yuv,/mnt/f/icme-gc/train_videos/yuv/27_Skateboarding_SDR_3840x2160_50000k.yuv,-0.9014001898659991
27,Skateboarding,SDR,3840,2160,15000k,9.36164521637441,/mnt/f/icme-gc/train_videos/yuv/27_Skateboarding_SDR_3840x2160_15000k.yuv,27_Skateboarding_SDR_3840x2160_15000k.yuv,/mnt/f/icme-gc/train_videos/yuv/27_Skateboarding_SDR_3840x2160_50000k.yuv,-0.6383547836255907
27,Skateboarding,SDR,3840,2160,6000k,8.864410696924779,/mnt/f/icme-gc/train_videos/yuv/27_Skateboarding_SDR_3840x2160_6000k.yuv,27_Skateboarding_SDR_3840x2160_6000k.yuv,/mnt/f/icme-gc/train_videos/yuv/27_Skateboarding_SDR_3840x2160_50000k.yuv,-1.1355893030752213
27,Skateboarding,SDR,960,540,1500k,6.16929239265958,/mnt/f/icme-gc/train_videos/yuv/27_Skateboarding_SDR_960x540_1500k.yuv,27_Skateboarding_SDR_960x540_1500k.yuv,/mnt/f/icme-gc/train_videos/yuv/27_Skateboarding_SDR_3840x2160_50000k.yuv,-3.83070760734042
27,Skateboarding,SDR,960,540,800k,4.888573013613319,/mnt/f/icme-gc/train_videos/yuv/27_Skateboarding_SDR_960x540_800k.yuv,27_Skateboarding_SDR_960x540_800k.yuv,/mnt/f/icme-gc/train_videos/yuv/27_Skateboarding_SDR_3840x2160_50000k.yuv,-5.111426986386681
29,Walking_Forest,HDR10,1280,720,2000k,7.56749695345685,/mnt/f/icme-gc/train_videos/yuv/29_Walking_Forest_HDR10_1280x720_2000k.yuv,29_Walking_Forest_HDR10_1280x720_2000k.yuv,/mnt/f/icme-gc/train_videos/yuv/29_Walking_Forest_HDR10_3840x2160_50000k.yuv,-2.4325030465431503
29,Walking_Forest,HDR10,1280,720,4000k,8.05380456178371,/mnt/f/icme-gc/train_videos/yuv/29_Walking_Forest_HDR10_1280x720_4000k.yuv,29_Walking_Forest_HDR10_1280x720_4000k.yuv,/mnt/f/icme-gc/train_videos/yuv/29_Walking_Forest_HDR10_3840x2160_50000k.yuv,-1.9461954382162894
29,Walking_Forest,HDR10,1920,1080,3000k,7.48681214881336,/mnt/f/icme-gc/train_videos/yuv/29_Walking_Forest_HDR10_1920x1080_3000k.yuv,29_Walking_Forest_HDR10_1920x1080_3000k.yuv,/mnt/f/icme-gc/train_videos/yuv/29_Walking_Forest_HDR10_3840x2160_50000k.yuv,-2.5131878511866397
29,Walking_Forest,HDR10,2560,1440,10000k,9.197439214303191,/mnt/f/icme-gc/train_videos/yuv/29_Walking_Forest_HDR10_2560x1440_10000k.yuv,29_Walking_Forest_HDR10_2560x1440_10000k.yuv,/mnt/f/icme-gc/train_videos/yuv/29_Walking_Forest_HDR10_3840x2160_50000k.yuv,-0.8025607856968087
29,Walking_Forest,HDR10,3840,2160,15000k,9.890332643011831,/mnt/f/icme-gc/train_videos/yuv/29_Walking_Forest_HDR10_3840x2160_15000k.yuv,29_Walking_Forest_HDR10_3840x2160_15000k.yuv,/mnt/f/icme-gc/train_videos/yuv/29_Walking_Forest_HDR10_3840x2160_50000k.yuv,-0.10966735698816876
29,Walking_Forest,HDR10,3840,2160,6000k,8.71890948678898,/mnt/f/icme-gc/train_videos/yuv/29_Walking_Forest_HDR10_3840x2160_6000k.yuv,29_Walking_Forest_HDR10_3840x2160_6000k.yuv,/mnt/f/icme-gc/train_videos/yuv/29_Walking_Forest_HDR10_3840x2160_50000k.yuv,-1.2810905132110193
29,Walking_Forest,HDR10,960,540,1500k,7.30560330139393,/mnt/f/icme-gc/train_videos/yuv/29_Walking_Forest_HDR10_960x540_1500k.yuv,29_Walking_Forest_HDR10_960x540_1500k.yuv,/mnt/f/icme-gc/train_videos/yuv/29_Walking_Forest_HDR10_3840x2160_50000k.yuv,-2.69439669860607
29,Walking_Forest,HDR10,960,540,800k,5.826593012180471,/mnt/f/icme-gc/train_videos/yuv/29_Walking_Forest_HDR10_960x540_800k.yuv,29_Walking_Forest_HDR10_960x540_800k.yuv,/mnt/f/icme-gc/train_videos/yuv/29_Walking_Forest_HDR10_3840x2160_50000k.yuv,-4.173406987819529
29,Walking_Forest,SDR,1280,720,2000k,7.92686620601932,/mnt/f/icme-gc/train_videos/yuv/29_Walking_Forest_SDR_1280x720_2000k.yuv,29_Walking_Forest_SDR_1280x720_2000k.yuv,/mnt/f/icme-gc/train_videos/yuv/29_Walking_Forest_SDR_3840x2160_50000k.yuv,-2.0731337939806798
29,Walking_Forest,SDR,1280,720,4000k,8.5292765890968,/mnt/f/icme-gc/train_videos/yuv/29_Walking_Forest_SDR_1280x720_4000k.yuv,29_Walking_Forest_SDR_1280x720_4000k.yuv,/mnt/f/icme-gc/train_videos/yuv/29_Walking_Forest_SDR_3840x2160_50000k.yuv,-1.4707234109032008
29,Walking_Forest,SDR,1920,1080,3000k,8.5707310090985,/mnt/f/icme-gc/train_videos/yuv/29_Walking_Forest_SDR_1920x1080_3000k.yuv,29_Walking_Forest_SDR_1920x1080_3000k.yuv,/mnt/f/icme-gc/train_videos/yuv/29_Walking_Forest_SDR_3840x2160_50000k.yuv,-1.4292689909015
29,Walking_Forest,SDR,2560,1440,10000k,9.47645038707194,/mnt/f/icme-gc/train_videos/yuv/29_Walking_Forest_SDR_2560x1440_10000k.yuv,29_Walking_Forest_SDR_2560x1440_10000k.yuv,/mnt/f/icme-gc/train_videos/yuv/29_Walking_Forest_SDR_3840x2160_50000k.yuv,-0.5235496129280595
29,Walking_Forest,SDR,3840,2160,15000k,9.9690260720153,/mnt/f/icme-gc/train_videos/yuv/29_Walking_Forest_SDR_3840x2160_15000k.yuv,29_Walking_Forest_SDR_3840x2160_15000k.yuv,/mnt/f/icme-gc/train_videos/yuv/29_Walking_Forest_SDR_3840x2160_50000k.yuv,-0.03097392798470011
29,Walking_Forest,SDR,3840,2160,6000k,9.62449164961777,/mnt/f/icme-gc/train_videos/yuv/29_Walking_Forest_SDR_3840x2160_6000k.yuv,29_Walking_Forest_SDR_3840x2160_6000k.yuv,/mnt/f/icme-gc/train_videos/yuv/29_Walking_Forest_SDR_3840x2160_50000k.yuv,-0.37550835038222985
29,Walking_Forest,SDR,960,540,1500k,7.44162558559961,/mnt/f/icme-gc/train_videos/yuv/29_Walking_Forest_SDR_960x540_1500k.yuv,29_Walking_Forest_SDR_960x540_1500k.yuv,/mnt/f/icme-gc/train_videos/yuv/29_Walking_Forest_SDR_3840x2160_50000k.yuv,-2.55837441440039
29,Walking_Forest,SDR,960,540,800k,6.48251938598203,/mnt/f/icme-gc/train_videos/yuv/29_Walking_Forest_SDR_960x540_800k.yuv,29_Walking_Forest_SDR_960x540_800k.yuv,/mnt/f/icme-gc/train_videos/yuv/29_Walking_Forest_SDR_3840x2160_50000k.yuv,-3.5174806140179697
2,Basketball_Evening,HDR10,1280,720,2000k,7.35093075163763,/mnt/f/icme-gc/train_videos/yuv/2_Basketball_Evening_HDR10_1280x720_2000k.yuv,2_Basketball_Evening_HDR10_1280x720_2000k.yuv,/mnt/f/icme-gc/train_videos/yuv/2_Basketball_Evening_HDR10_3840x2160_50000k.yuv,-2.6490692483623697
2,Basketball_Evening,HDR10,1280,720,4000k,8.01883770729137,/mnt/f/icme-gc/train_videos/yuv/2_Basketball_Evening_HDR10_1280x720_4000k.yuv,2_Basketball_Evening_HDR10_1280x720_4000k.yuv,/mnt/f/icme-gc/train_videos/yuv/2_Basketball_Evening_HDR10_3840x2160_50000k.yuv,-1.98116229270863
2,Basketball_Evening,HDR10,1920,1080,3000k,8.70105020212593,/mnt/f/icme-gc/train_videos/yuv/2_Basketball_Evening_HDR10_1920x1080_3000k.yuv,2_Basketball_Evening_HDR10_1920x1080_3000k.yuv,/mnt/f/icme-gc/train_videos/yuv/2_Basketball_Evening_HDR10_3840x2160_50000k.yuv,-1.2989497978740694
2,Basketball_Evening,HDR10,2560,1440,10000k,9.22802188311857,/mnt/f/icme-gc/train_videos/yuv/2_Basketball_Evening_HDR10_2560x1440_10000k.yuv,2_Basketball_Evening_HDR10_2560x1440_10000k.yuv,/mnt/f/icme-gc/train_videos/yuv/2_Basketball_Evening_HDR10_3840x2160_50000k.yuv,-0.7719781168814297
2,Basketball_Evening,HDR10,3840,2160,15000k,9.830401362037607,/mnt/f/icme-gc/train_videos/yuv/2_Basketball_Evening_HDR10_3840x2160_15000k.yuv,2_Basketball_Evening_HDR10_3840x2160_15000k.yuv,/mnt/f/icme-gc/train_videos/yuv/2_Basketball_Evening_HDR10_3840x2160_50000k.yuv,-0.16959863796239283
2,Basketball_Evening,HDR10,3840,2160,6000k,8.604158176849719,/mnt/f/icme-gc/train_videos/yuv/2_Basketball_Evening_HDR10_3840x2160_6000k.yuv,2_Basketball_Evening_HDR10_3840x2160_6000k.yuv,/mnt/f/icme-gc/train_videos/yuv/2_Basketball_Evening_HDR10_3840x2160_50000k.yuv,-1.3958418231502812
2,Basketball_Evening,HDR10,960,540,1500k,6.86807233857302,/mnt/f/icme-gc/train_videos/yuv/2_Basketball_Evening_HDR10_960x540_1500k.yuv,2_Basketball_Evening_HDR10_960x540_1500k.yuv,/mnt/f/icme-gc/train_videos/yuv/2_Basketball_Evening_HDR10_3840x2160_50000k.yuv,-3.13192766142698
2,Basketball_Evening,HDR10,960,540,800k,6.63243688520482,/mnt/f/icme-gc/train_videos/yuv/2_Basketball_Evening_HDR10_960x540_800k.yuv,2_Basketball_Evening_HDR10_960x540_800k.yuv,/mnt/f/icme-gc/train_videos/yuv/2_Basketball_Evening_HDR10_3840x2160_50000k.yuv,-3.36756311479518
2,Basketball_Evening,SDR,1280,720,2000k,8.09466927148602,/mnt/f/icme-gc/train_videos/yuv/2_Basketball_Evening_SDR_1280x720_2000k.yuv,2_Basketball_Evening_SDR_1280x720_2000k.yuv,/mnt/f/icme-gc/train_videos/yuv/2_Basketball_Evening_SDR_3840x2160_50000k.yuv,-1.9053307285139809
2,Basketball_Evening,SDR,1280,720,4000k,8.39361941074409,/mnt/f/icme-gc/train_videos/yuv/2_Basketball_Evening_SDR_1280x720_4000k.yuv,2_Basketball_Evening_SDR_1280x720_4000k.yuv,/mnt/f/icme-gc/train_videos/yuv/2_Basketball_Evening_SDR_3840x2160_50000k.yuv,-1.6063805892559095
2,Basketball_Evening,SDR,1920,1080,3000k,8.575659648104109,/mnt/f/icme-gc/train_videos/yuv/2_Basketball_Evening_SDR_1920x1080_3000k.yuv,2_Basketball_Evening_SDR_1920x1080_3000k.yuv,/mnt/f/icme-gc/train_videos/yuv/2_Basketball_Evening_SDR_3840x2160_50000k.yuv,-1.424340351895891
2,Basketball_Evening,SDR,2560,1440,10000k,9.5665666709606,/mnt/f/icme-gc/train_videos/yuv/2_Basketball_Evening_SDR_2560x1440_10000k.yuv,2_Basketball_Evening_SDR_2560x1440_10000k.yuv,/mnt/f/icme-gc/train_videos/yuv/2_Basketball_Evening_SDR_3840x2160_50000k.yuv,-0.43343332903939924
2,Basketball_Evening,SDR,3840,2160,15000k,10.31862845016005,/mnt/f/icme-gc/train_videos/yuv/2_Basketball_Evening_SDR_3840x2160_15000k.yuv,2_Basketball_Evening_SDR_3840x2160_15000k.yuv,/mnt/f/icme-gc/train_videos/yuv/2_Basketball_Evening_SDR_3840x2160_50000k.yuv,0.31862845016005004
2,Basketball_Evening,SDR,3840,2160,6000k,9.224938122547927,/mnt/f/icme-gc/train_videos/yuv/2_Basketball_Evening_SDR_3840x2160_6000k.yuv,2_Basketball_Evening_SDR_3840x2160_6000k.yuv,/mnt/f/icme-gc/train_videos/yuv/2_Basketball_Evening_SDR_3840x2160_50000k.yuv,-0.7750618774520728
2,Basketball_Evening,SDR,960,540,1500k,7.2836159401278096,/mnt/f/icme-gc/train_videos/yuv/2_Basketball_Evening_SDR_960x540_1500k.yuv,2_Basketball_Evening_SDR_960x540_1500k.yuv,/mnt/f/icme-gc/train_videos/yuv/2_Basketball_Evening_SDR_3840x2160_50000k.yuv,-2.7163840598721904
2,Basketball_Evening,SDR,960,540,800k,7.26420510113306,/mnt/f/icme-gc/train_videos/yuv/2_Basketball_Evening_SDR_960x540_800k.yuv,2_Basketball_Evening_SDR_960x540_800k.yuv,/mnt/f/icme-gc/train_videos/yuv/2_Basketball_Evening_SDR_3840x2160_50000k.yuv,-2.7357948988669403
3,Cafe,HDR10,1280,720,2000k,8.87118770302062,/mnt/f/icme-gc/train_videos/yuv/3_Cafe_HDR10_1280x720_2000k.yuv,3_Cafe_HDR10_1280x720_2000k.yuv,/mnt/f/icme-gc/train_videos/yuv/3_Cafe_HDR10_3840x2160_50000k.yuv,-1.1288122969793797
3,Cafe,HDR10,1280,720,4000k,9.35941308309064,/mnt/f/icme-gc/train_videos/yuv/3_Cafe_HDR10_1280x720_4000k.yuv,3_Cafe_HDR10_1280x720_4000k.yuv,/mnt/f/icme-gc/train_videos/yuv/3_Cafe_HDR10_3840x2160_50000k.yuv,-0.6405869169093599
3,Cafe,HDR10,1920,1080,3000k,9.479630344472293,/mnt/f/icme-gc/train_videos/yuv/3_Cafe_HDR10_1920x1080_3000k.yuv,3_Cafe_HDR10_1920x1080_3000k.yuv,/mnt/f/icme-gc/train_videos/yuv/3_Cafe_HDR10_3840x2160_50000k.yuv,-0.5203696555277073
3,Cafe,HDR10,2560,1440,10000k,9.86112649905958,/mnt/f/icme-gc/train_videos/yuv/3_Cafe_HDR10_2560x1440_10000k.yuv,3_Cafe_HDR10_2560x1440_10000k.yuv,/mnt/f/icme-gc/train_videos/yuv/3_Cafe_HDR10_3840x2160_50000k.yuv,-0.13887350094042006
3,Cafe,HDR10,3840,2160,15000k,10.29939565557385,/mnt/f/icme-gc/train_videos/yuv/3_Cafe_HDR10_3840x2160_15000k.yuv,3_Cafe_HDR10_3840x2160_15000k.yuv,/mnt/f/icme-gc/train_videos/yuv/3_Cafe_HDR10_3840x2160_50000k.yuv,0.29939565557384995
3,Cafe,HDR10,3840,2160,6000k,9.80823236548089,/mnt/f/icme-gc/train_videos/yuv/3_Cafe_HDR10_3840x2160_6000k.yuv,3_Cafe_HDR10_3840x2160_6000k.yuv,/mnt/f/icme-gc/train_videos/yuv/3_Cafe_HDR10_3840x2160_50000k.yuv,-0.19176763451910972
3,Cafe,HDR10,960,540,1500k,8.22418251703653,/mnt/f/icme-gc/train_videos/yuv/3_Cafe_HDR10_960x540_1500k.yuv,3_Cafe_HDR10_960x540_1500k.yuv,/mnt/f/icme-gc/train_videos/yuv/3_Cafe_HDR10_3840x2160_50000k.yuv,-1.77581748296347
3,Cafe,HDR10,960,540,800k,6.81429182921356,/mnt/f/icme-gc/train_videos/yuv/3_Cafe_HDR10_960x540_800k.yuv,3_Cafe_HDR10_960x540_800k.yuv,/mnt/f/icme-gc/train_videos/yuv/3_Cafe_HDR10_3840x2160_50000k.yuv,-3.18570817078644
3,Cafe,SDR,1280,720,2000k,8.95400990434862,/mnt/f/icme-gc/train_videos/yuv/3_Cafe_SDR_1280x720_2000k.yuv,3_Cafe_SDR_1280x720_2000k.yuv,/mnt/f/icme-gc/train_videos/yuv/3_Cafe_SDR_3840x2160_50000k.yuv,-1.04599009565138
3,Cafe,SDR,1280,720,4000k,9.26567743489082,/mnt/f/icme-gc/train_videos/yuv/3_Cafe_SDR_1280x720_4000k.yuv,3_Cafe_SDR_1280x720_4000k.yuv,/mnt/f/icme-gc/train_videos/yuv/3_Cafe_SDR_3840x2160_50000k.yuv,-0.7343225651091796
3,Cafe,SDR,1920,1080,3000k,9.66295930772006,/mnt/f/icme-gc/train_videos/yuv/3_Cafe_SDR_1920x1080_3000k.yuv,3_Cafe_SDR_1920x1080_3000k.yuv,/mnt/f/icme-gc/train_videos/yuv/3_Cafe_SDR_3840x2160_50000k.yuv,-0.33704069227994005
3,Cafe,SDR,2560,1440,10000k,9.6673170797837,/mnt/f/icme-gc/train_videos/yuv/3_Cafe_SDR_2560x1440_10000k.yuv,3_Cafe_SDR_2560x1440_10000k.yuv,/mnt/f/icme-gc/train_videos/yuv/3_Cafe_SDR_3840x2160_50000k.yuv,-0.33268292021629975
3,Cafe,SDR,3840,2160,15000k,10.11320849453754,/mnt/f/icme-gc/train_videos/yuv/3_Cafe_SDR_3840x2160_15000k.yuv,3_Cafe_SDR_3840x2160_15000k.yuv,/mnt/f/icme-gc/train_videos/yuv/3_Cafe_SDR_3840x2160_50000k.yuv,0.11320849453754
3,Cafe,SDR,3840,2160,6000k,9.46499500258799,/mnt/f/icme-gc/train_videos/yuv/3_Cafe_SDR_3840x2160_6000k.yuv,3_Cafe_SDR_3840x2160_6000k.yuv,/mnt/f/icme-gc/train_videos/yuv/3_Cafe_SDR_3840x2160_50000k.yuv,-0.5350049974120097
3,Cafe,SDR,960,540,1500k,8.03633933109547,/mnt/f/icme-gc/train_videos/yuv/3_Cafe_SDR_960x540_1500k.yuv,3_Cafe_SDR_960x540_1500k.yuv,/mnt/f/icme-gc/train_videos/yuv/3_Cafe_SDR_3840x2160_50000k.yuv,-1.9636606689045308
3,Cafe,SDR,960,540,800k,7.27935193355117,/mnt/f/icme-gc/train_videos/yuv/3_Cafe_SDR_960x540_800k.yuv,3_Cafe_SDR_960x540_800k.yuv,/mnt/f/icme-gc/train_videos/yuv/3_Cafe_SDR_3840x2160_50000k.yuv,-2.72064806644883
4,Campfire,HDR10,1280,720,2000k,7.029698254812059,/mnt/f/icme-gc/train_videos/yuv/4_Campfire_HDR10_1280x720_2000k.yuv,4_Campfire_HDR10_1280x720_2000k.yuv,/mnt/f/icme-gc/train_videos/yuv/4_Campfire_HDR10_3840x2160_50000k.yuv,-2.9703017451879408
4,Campfire,HDR10,1280,720,4000k,8.043723162583511,/mnt/f/icme-gc/train_videos/yuv/4_Campfire_HDR10_1280x720_4000k.yuv,4_Campfire_HDR10_1280x720_4000k.yuv,/mnt/f/icme-gc/train_videos/yuv/4_Campfire_HDR10_3840x2160_50000k.yuv,-1.956276837416489
4,Campfire,HDR10,1920,1080,3000k,7.453974839354389,/mnt/f/icme-gc/train_videos/yuv/4_Campfire_HDR10_1920x1080_3000k.yuv,4_Campfire_HDR10_1920x1080_3000k.yuv,/mnt/f/icme-gc/train_videos/yuv/4_Campfire_HDR10_3840x2160_50000k.yuv,-2.546025160645611
4,Campfire,HDR10,2560,1440,10000k,9.59858506877386,/mnt/f/icme-gc/train_videos/yuv/4_Campfire_HDR10_2560x1440_10000k.yuv,4_Campfire_HDR10_2560x1440_10000k.yuv,/mnt/f/icme-gc/train_videos/yuv/4_Campfire_HDR10_3840x2160_50000k.yuv,-0.4014149312261406
4,Campfire,HDR10,3840,2160,15000k,9.587623639883,/mnt/f/icme-gc/train_videos/yuv/4_Campfire_HDR10_3840x2160_15000k.yuv,4_Campfire_HDR10_3840x2160_15000k.yuv,/mnt/f/icme-gc/train_videos/yuv/4_Campfire_HDR10_3840x2160_50000k.yuv,-0.4123763601169994
4,Campfire,HDR10,3840,2160,6000k,7.818508932926269,/mnt/f/icme-gc/train_videos/yuv/4_Campfire_HDR10_3840x2160_6000k.yuv,4_Campfire_HDR10_3840x2160_6000k.yuv,/mnt/f/icme-gc/train_videos/yuv/4_Campfire_HDR10_3840x2160_50000k.yuv,-2.181491067073731
4,Campfire,HDR10,960,540,1500k,6.97800347510116,/mnt/f/icme-gc/train_videos/yuv/4_Campfire_HDR10_960x540_1500k.yuv,4_Campfire_HDR10_960x540_1500k.yuv,/mnt/f/icme-gc/train_videos/yuv/4_Campfire_HDR10_3840x2160_50000k.yuv,-3.0219965248988396
4,Campfire,HDR10,960,540,800k,4.92792870896243,/mnt/f/icme-gc/train_videos/yuv/4_Campfire_HDR10_960x540_800k.yuv,4_Campfire_HDR10_960x540_800k.yuv,/mnt/f/icme-gc/train_videos/yuv/4_Campfire_HDR10_3840x2160_50000k.yuv,-5.07207129103757
4,Campfire,SDR,1280,720,2000k,7.696659431769961,/mnt/f/icme-gc/train_videos/yuv/4_Campfire_SDR_1280x720_2000k.yuv,4_Campfire_SDR_1280x720_2000k.yuv,/mnt/f/icme-gc/train_videos/yuv/4_Campfire_SDR_3840x2160_50000k.yuv,-2.3033405682300394
4,Campfire,SDR,1280,720,4000k,8.986494107423582,/mnt/f/icme-gc/train_videos/yuv/4_Campfire_SDR_1280x720_4000k.yuv,4_Campfire_SDR_1280x720_4000k.yuv,/mnt/f/icme-gc/train_videos/yuv/4_Campfire_SDR_3840x2160_50000k.yuv,-1.0135058925764184
4,Campfire,SDR,1920,1080,3000k,7.978389871513571,/mnt/f/icme-gc/train_videos/yuv/4_Campfire_SDR_1920x1080_3000k.yuv,4_Campfire_SDR_1920x1080_3000k.yuv,/mnt/f/icme-gc/train_videos/yuv/4_Campfire_SDR_3840x2160_50000k.yuv,-2.0216101284864294
4,Campfire,SDR,2560,1440,10000k,10.12393039034209,/mnt/f/icme-gc/train_videos/yuv/4_Campfire_SDR_2560x1440_10000k.yuv,4_Campfire_SDR_2560x1440_10000k.yuv,/mnt/f/icme-gc/train_videos/yuv/4_Campfire_SDR_3840x2160_50000k.yuv,0.12393039034209075
4,Campfire,SDR,3840,2160,15000k,9.79034950146163,/mnt/f/icme-gc/train_videos/yuv/4_Campfire_SDR_3840x2160_15000k.yuv,4_Campfire_SDR_3840x2160_15000k.yuv,/mnt/f/icme-gc/train_videos/yuv/4_Campfire_SDR_3840x2160_50000k.yuv,-0.2096504985383696
4,Campfire,SDR,3840,2160,6000k,8.39085487902228,/mnt/f/icme-gc/train_videos/yuv/4_Campfire_SDR_3840x2160_6000k.yuv,4_Campfire_SDR_3840x2160_6000k.yuv,/mnt/f/icme-gc/train_videos/yuv/4_Campfire_SDR_3840x2160_50000k.yuv,-1.6091451209777201
4,Campfire,SDR,960,540,1500k,6.911507236165971,/mnt/f/icme-gc/train_videos/yuv/4_Campfire_SDR_960x540_1500k.yuv,4_Campfire_SDR_960x540_1500k.yuv,/mnt/f/icme-gc/train_videos/yuv/4_Campfire_SDR_3840x2160_50000k.yuv,-3.0884927638340294
4,Campfire,SDR,960,540,800k,6.468127259185261,/mnt/f/icme-gc/train_videos/yuv/4_Campfire_SDR_960x540_800k.yuv,4_Campfire_SDR_960x540_800k.yuv,/mnt/f/icme-gc/train_videos/yuv/4_Campfire_SDR_3840x2160_50000k.yuv,-3.5318727408147392
6,Conversation_Standing,HDR10,1280,720,2000k,8.427690799707879,/mnt/f/icme-gc/train_videos/yuv/6_Conversation_Standing_HDR10_1280x720_2000k.yuv,6_Conversation_Standing_HDR10_1280x720_2000k.yuv,/mnt/f/icme-gc/train_videos/yuv/6_Conversation_Standing_HDR10_3840x2160_50000k.yuv,-1.5723092002921213
6,Conversation_Standing,HDR10,1280,720,4000k,8.75720646987315,/mnt/f/icme-gc/train_videos/yuv/6_Conversation_Standing_HDR10_1280x720_4000k.yuv,6_Conversation_Standing_HDR10_1280x720_4000k.yuv,/mnt/f/icme-gc/train_videos/yuv/6_Conversation_Standing_HDR10_3840x2160_50000k.yuv,-1.2427935301268498
6,Conversation_Standing,HDR10,1920,1080,3000k,9.68836624090044,/mnt/f/icme-gc/train_videos/yuv/6_Conversation_Standing_HDR10_1920x1080_3000k.yuv,6_Conversation_Standing_HDR10_1920x1080_3000k.yuv,/mnt/f/icme-gc/train_videos/yuv/6_Conversation_Standing_HDR10_3840x2160_50000k.yuv,-0.3116337590995606
6,Conversation_Standing,HDR10,2560,1440,10000k,9.836838849751569,/mnt/f/icme-gc/train_videos/yuv/6_Conversation_Standing_HDR10_2560x1440_10000k.yuv,6_Conversation_Standing_HDR10_2560x1440_10000k.yuv,/mnt/f/icme-gc/train_videos/yuv/6_Conversation_Standing_HDR10_3840x2160_50000k.yuv,-0.16316115024843114
6,Conversation_Standing,HDR10,3840,2160,15000k,9.97039418895089,/mnt/f/icme-gc/train_videos/yuv/6_Conversation_Standing_HDR10_3840x2160_15000k.yuv,6_Conversation_Standing_HDR10_3840x2160_15000k.yuv,/mnt/f/icme-gc/train_videos/yuv/6_Conversation_Standing_HDR10_3840x2160_50000k.yuv,-0.029605811049110642
6,Conversation_Standing,HDR10,3840,2160,6000k,9.54684808513883,/mnt/f/icme-gc/train_videos/yuv/6_Conversation_Standing_HDR10_3840x2160_6000k.yuv,6_Conversation_Standing_HDR10_3840x2160_6000k.yuv,/mnt/f/icme-gc/train_videos/yuv/6_Conversation_Standing_HDR10_3840x2160_50000k.yuv,-0.45315191486117
6,Conversation_Standing,HDR10,960,540,1500k,7.737124856109739,/mnt/f/icme-gc/train_videos/yuv/6_Conversation_Standing_HDR10_960x540_1500k.yuv,6_Conversation_Standing_HDR10_960x540_1500k.yuv,/mnt/f/icme-gc/train_videos/yuv/6_Conversation_Standing_HDR10_3840x2160_50000k.yuv,-2.262875143890261
6,Conversation_Standing,HDR10,960,540,800k,7.032755091906179,/mnt/f/icme-gc/train_videos/yuv/6_Conversation_Standing_HDR10_960x540_800k.yuv,6_Conversation_Standing_HDR10_960x540_800k.yuv,/mnt/f/icme-gc/train_videos/yuv/6_Conversation_Standing_HDR10_3840x2160_50000k.yuv,-2.9672449080938206
6,Conversation_Standing,SDR,1280,720,2000k,8.47698058780934,/mnt/f/icme-gc/train_videos/yuv/6_Conversation_Standing_SDR_1280x720_2000k.yuv,6_Conversation_Standing_SDR_1280x720_2000k.yuv,/mnt/f/icme-gc/train_videos/yuv/6_Conversation_Standing_SDR_3840x2160_50000k.yuv,-1.52301941219066
6,Conversation_Standing,SDR,1280,720,4000k,8.56661731084351,/mnt/f/icme-gc/train_videos/yuv/6_Conversation_Standing_SDR_1280x720_4000k.yuv,6_Conversation_Standing_SDR_1280x720_4000k.yuv,/mnt/f/icme-gc/train_videos/yuv/6_Conversation_Standing_SDR_3840x2160_50000k.yuv,-1.43338268915649
6,Conversation_Standing,SDR,1920,1080,3000k,9.19016980332599,/mnt/f/icme-gc/train_videos/yuv/6_Conversation_Standing_SDR_1920x1080_3000k.yuv,6_Conversation_Standing_SDR_1920x1080_3000k.yuv,/mnt/f/icme-gc/train_videos/yuv/6_Conversation_Standing_SDR_3840x2160_50000k.yuv,-0.8098301966740102
6,Conversation_Standing,SDR,2560,1440,10000k,9.63625437536202,/mnt/f/icme-gc/train_videos/yuv/6_Conversation_Standing_SDR_2560x1440_10000k.yuv,6_Conversation_Standing_SDR_2560x1440_10000k.yuv,/mnt/f/icme-gc/train_videos/yuv/6_Conversation_Standing_SDR_3840x2160_50000k.yuv,-0.3637456246379802
6,Conversation_Standing,SDR,3840,2160,15000k,10.01209256320957,/mnt/f/icme-gc/train_videos/yuv/6_Conversation_Standing_SDR_3840x2160_15000k.yuv,6_Conversation_Standing_SDR_3840x2160_15000k.yuv,/mnt/f/icme-gc/train_videos/yuv/6_Conversation_Standing_SDR_3840x2160_50000k.yuv,0.012092563209570528
6,Conversation_Standing,SDR,3840,2160,6000k,9.71115680559622,/mnt/f/icme-gc/train_videos/yuv/6_Conversation_Standing_SDR_3840x2160_6000k.yuv,6_Conversation_Standing_SDR_3840x2160_6000k.yuv,/mnt/f/icme-gc/train_videos/yuv/6_Conversation_Standing_SDR_3840x2160_50000k.yuv,-0.28884319440378015
6,Conversation_Standing,SDR,960,540,1500k,7.63363352337733,/mnt/f/icme-gc/train_videos/yuv/6_Conversation_Standing_SDR_960x540_1500k.yuv,6_Conversation_Standing_SDR_960x540_1500k.yuv,/mnt/f/icme-gc/train_videos/yuv/6_Conversation_Standing_SDR_3840x2160_50000k.yuv,-2.3663664766226704
6,Conversation_Standing,SDR,960,540,800k,6.79188720767873,/mnt/f/icme-gc/train_videos/yuv/6_Conversation_Standing_SDR_960x540_800k.yuv,6_Conversation_Standing_SDR_960x540_800k.yuv,/mnt/f/icme-gc/train_videos/yuv/6_Conversation_Standing_SDR_3840x2160_50000k.yuv,-3.20811279232127
7,Dancing,HDR10,1280,720,2000k,8.08347771037161,/mnt/f/icme-gc/train_videos/yuv/7_Dancing_HDR10_1280x720_2000k.yuv,7_Dancing_HDR10_1280x720_2000k.yuv,/mnt/f/icme-gc/train_videos/yuv/7_Dancing_HDR10_3840x2160_50000k.yuv,-1.9165222896283893
7,Dancing,HDR10,1280,720,4000k,8.95013554743757,/mnt/f/icme-gc/train_videos/yuv/7_Dancing_HDR10_1280x720_4000k.yuv,7_Dancing_HDR10_1280x720_4000k.yuv,/mnt/f/icme-gc/train_videos/yuv/7_Dancing_HDR10_3840x2160_50000k.yuv,-1.0498644525624297
7,Dancing,HDR10,1920,1080,3000k,8.53432151644662,/mnt/f/icme-gc/train_videos/yuv/7_Dancing_HDR10_1920x1080_3000k.yuv,7_Dancing_HDR10_1920x1080_3000k.yuv,/mnt/f/icme-gc/train_videos/yuv/7_Dancing_HDR10_3840x2160_50000k.yuv,-1.4656784835533792
7,Dancing,HDR10,2560,1440,10000k,9.46132845760873,/mnt/f/icme-gc/train_videos/yuv/7_Dancing_HDR10_2560x1440_10000k.yuv,7_Dancing_HDR10_2560x1440_10000k.yuv,/mnt/f/icme-gc/train_videos/yuv/7_Dancing_HDR10_3840x2160_50000k.yuv,-0.5386715423912705
7,Dancing,HDR10,3840,2160,15000k,9.68589646415153,/mnt/f/icme-gc/train_videos/yuv/7_Dancing_HDR10_3840x2160_15000k.yuv,7_Dancing_HDR10_3840x2160_15000k.yuv,/mnt/f/icme-gc/train_videos/yuv/7_Dancing_HDR10_3840x2160_50000k.yuv,-0.3141035358484707
7,Dancing,HDR10,3840,2160,6000k,9.31689907550706,/mnt/f/icme-gc/train_videos/yuv/7_Dancing_HDR10_3840x2160_6000k.yuv,7_Dancing_HDR10_3840x2160_6000k.yuv,/mnt/f/icme-gc/train_videos/yuv/7_Dancing_HDR10_3840x2160_50000k.yuv,-0.6831009244929405
7,Dancing,HDR10,960,540,1500k,7.83277740520651,/mnt/f/icme-gc/train_videos/yuv/7_Dancing_HDR10_960x540_1500k.yuv,7_Dancing_HDR10_960x540_1500k.yuv,/mnt/f/icme-gc/train_videos/yuv/7_Dancing_HDR10_3840x2160_50000k.yuv,-2.1672225947934898
7,Dancing,HDR10,960,540,800k,6.88725416756015,/mnt/f/icme-gc/train_videos/yuv/7_Dancing_HDR10_960x540_800k.yuv,7_Dancing_HDR10_960x540_800k.yuv,/mnt/f/icme-gc/train_videos/yuv/7_Dancing_HDR10_3840x2160_50000k.yuv,-3.11274583243985
7,Dancing,SDR,1280,720,2000k,9.01658932412178,/mnt/f/icme-gc/train_videos/yuv/7_Dancing_SDR_1280x720_2000k.yuv,7_Dancing_SDR_1280x720_2000k.yuv,/mnt/f/icme-gc/train_videos/yuv/7_Dancing_SDR_3840x2160_50000k.yuv,-0.9834106758782202
7,Dancing,SDR,1280,720,4000k,9.17298936160309,/mnt/f/icme-gc/train_videos/yuv/7_Dancing_SDR_1280x720_4000k.yuv,7_Dancing_SDR_1280x720_4000k.yuv,/mnt/f/icme-gc/train_videos/yuv/7_Dancing_SDR_3840x2160_50000k.yuv,-0.82701063839691
7,Dancing,SDR,1920,1080,3000k,9.58733166581236,/mnt/f/icme-gc/train_videos/yuv/7_Dancing_SDR_1920x1080_3000k.yuv,7_Dancing_SDR_1920x1080_3000k.yuv,/mnt/f/icme-gc/train_videos/yuv/7_Dancing_SDR_3840x2160_50000k.yuv,-0.4126683341876394
7,Dancing,SDR,2560,1440,10000k,10.01171106328444,/mnt/f/icme-gc/train_videos/yuv/7_Dancing_SDR_2560x1440_10000k.yuv,7_Dancing_SDR_2560x1440_10000k.yuv,/mnt/f/icme-gc/train_videos/yuv/7_Dancing_SDR_3840x2160_50000k.yuv,0.011711063284440826
7,Dancing,SDR,3840,2160,15000k,10.26812872893661,/mnt/f/icme-gc/train_videos/yuv/7_Dancing_SDR_3840x2160_15000k.yuv,7_Dancing_SDR_3840x2160_15000k.yuv,/mnt/f/icme-gc/train_videos/yuv/7_Dancing_SDR_3840x2160_50000k.yuv,0.26812872893660966
7,Dancing,SDR,3840,2160,6000k,9.93324538169198,/mnt/f/icme-gc/train_videos/yuv/7_Dancing_SDR_3840x2160_6000k.yuv,7_Dancing_SDR_3840x2160_6000k.yuv,/mnt/f/icme-gc/train_videos/yuv/7_Dancing_SDR_3840x2160_50000k.yuv,-0.06675461830801943
7,Dancing,SDR,960,540,1500k,8.16269791841411,/mnt/f/icme-gc/train_videos/yuv/7_Dancing_SDR_960x540_1500k.yuv,7_Dancing_SDR_960x540_1500k.yuv,/mnt/f/icme-gc/train_videos/yuv/7_Dancing_SDR_3840x2160_50000k.yuv,-1.8373020815858894
7,Dancing,SDR,960,540,800k,7.93214403814318,/mnt/f/icme-gc/train_videos/yuv/7_Dancing_SDR_960x540_800k.yuv,7_Dancing_SDR_960x540_800k.yuv,/mnt/f/icme-gc/train_videos/yuv/7_Dancing_SDR_3840x2160_50000k.yuv,-2.0678559618568197
9,Face_Close,HDR10,1280,720,2000k,9.06527459136651,/mnt/f/icme-gc/train_videos/yuv/9_Face_Close_HDR10_1280x720_2000k.yuv,9_Face_Close_HDR10_1280x720_2000k.yuv,/mnt/f/icme-gc/train_videos/yuv/9_Face_Close_HDR10_3840x2160_50000k.yuv,-0.93472540863349
9,Face_Close,HDR10,1280,720,4000k,9.45128473218225,/mnt/f/icme-gc/train_videos/yuv/9_Face_Close_HDR10_1280x720_4000k.yuv,9_Face_Close_HDR10_1280x720_4000k.yuv,/mnt/f/icme-gc/train_videos/yuv/9_Face_Close_HDR10_3840x2160_50000k.yuv,-0.5487152678177498
9,Face_Close,HDR10,1920,1080,3000k,9.57134198843255,/mnt/f/icme-gc/train_videos/yuv/9_Face_Close_HDR10_1920x1080_3000k.yuv,9_Face_Close_HDR10_1920x1080_3000k.yuv,/mnt/f/icme-gc/train_videos/yuv/9_Face_Close_HDR10_3840x2160_50000k.yuv,-0.42865801156744965
9,Face_Close,HDR10,2560,1440,10000k,9.686879469735931,/mnt/f/icme-gc/train_videos/yuv/9_Face_Close_HDR10_2560x1440_10000k.yuv,9_Face_Close_HDR10_2560x1440_10000k.yuv,/mnt/f/icme-gc/train_videos/yuv/9_Face_Close_HDR10_3840x2160_50000k.yuv,-0.3131205302640687
9,Face_Close,HDR10,3840,2160,15000k,9.93040640475513,/mnt/f/icme-gc/train_videos/yuv/9_Face_Close_HDR10_3840x2160_15000k.yuv,9_Face_Close_HDR10_3840x2160_15000k.yuv,/mnt/f/icme-gc/train_videos/yuv/9_Face_Close_HDR10_3840x2160_50000k.yuv,-0.06959359524486963
9,Face_Close,HDR10,3840,2160,6000k,9.78738043171956,/mnt/f/icme-gc/train_videos/yuv/9_Face_Close_HDR10_3840x2160_6000k.yuv,9_Face_Close_HDR10_3840x2160_6000k.yuv,/mnt/f/icme-gc/train_videos/yuv/9_Face_Close_HDR10_3840x2160_50000k.yuv,-0.2126195682804397
9,Face_Close,HDR10,960,540,1500k,8.84757208226946,/mnt/f/icme-gc/train_videos/yuv/9_Face_Close_HDR10_960x540_1500k.yuv,9_Face_Close_HDR10_960x540_1500k.yuv,/mnt/f/icme-gc/train_videos/yuv/9_Face_Close_HDR10_3840x2160_50000k.yuv,-1.1524279177305399
9,Face_Close,HDR10,960,540,800k,8.43037290000118,/mnt/f/icme-gc/train_videos/yuv/9_Face_Close_HDR10_960x540_800k.yuv,9_Face_Close_HDR10_960x540_800k.yuv,/mnt/f/icme-gc/train_videos/yuv/9_Face_Close_HDR10_3840x2160_50000k.yuv,-1.5696270999988204
9,Face_Close,SDR,1280,720,2000k,9.03297359545158,/mnt/f/icme-gc/train_videos/yuv/9_Face_Close_SDR_1280x720_2000k.yuv,9_Face_Close_SDR_1280x720_2000k.yuv,/mnt/f/icme-gc/train_videos/yuv/9_Face_Close_SDR_3840x2160_50000k.yuv,-0.9670264045484203
9,Face_Close,SDR,1280,720,4000k,9.50112896464804,/mnt/f/icme-gc/train_videos/yuv/9_Face_Close_SDR_1280x720_4000k.yuv,9_Face_Close_SDR_1280x720_4000k.yuv,/mnt/f/icme-gc/train_videos/yuv/9_Face_Close_SDR_3840x2160_50000k.yuv,-0.49887103535196076
9,Face_Close,SDR,1920,1080,3000k,9.36845341501901,/mnt/f/icme-gc/train_videos/yuv/9_Face_Close_SDR_1920x1080_3000k.yuv,9_Face_Close_SDR_1920x1080_3000k.yuv,/mnt/f/icme-gc/train_videos/yuv/9_Face_Close_SDR_3840x2160_50000k.yuv,-0.63154658498099
9,Face_Close,SDR,2560,1440,10000k,9.74358889888745,/mnt/f/icme-gc/train_videos/yuv/9_Face_Close_SDR_2560x1440_10000k.yuv,9_Face_Close_SDR_2560x1440_10000k.yuv,/mnt/f/icme-gc/train_videos/yuv/9_Face_Close_SDR_3840x2160_50000k.yuv,-0.2564111011125494
9,Face_Close,SDR,3840,2160,15000k,9.68027502133254,/mnt/f/icme-gc/train_videos/yuv/9_Face_Close_SDR_3840x2160_15000k.yuv,9_Face_Close_SDR_3840x2160_15000k.yuv,/mnt/f/icme-gc/train_videos/yuv/9_Face_Close_SDR_3840x2160_50000k.yuv,-0.31972497866746075
9,Face_Close,SDR,3840,2160,6000k,9.65316599698355,/mnt/f/icme-gc/train_videos/yuv/9_Face_Close_SDR_3840x2160_6000k.yuv,9_Face_Close_SDR_3840x2160_6000k.yuv,/mnt/f/icme-gc/train_videos/yuv/9_Face_Close_SDR_3840x2160_50000k.yuv,-0.3468340030164505
9,Face_Close,SDR,960,540,1500k,9.05597354972701,/mnt/f/icme-gc/train_videos/yuv/9_Face_Close_SDR_960x540_1500k.yuv,9_Face_Close_SDR_960x540_1500k.yuv,/mnt/f/icme-gc/train_videos/yuv/9_Face_Close_SDR_3840x2160_50000k.yuv,-0.9440264502729896
9,Face_Close,SDR,960,540,800k,8.27783706288091,/mnt/f/icme-gc/train_videos/yuv/9_Face_Close_SDR_960x540_800k.yuv,9_Face_Close_SDR_960x540_800k.yuv,/mnt/f/icme-gc/train_videos/yuv/9_Face_Close_SDR_3840x2160_50000k.yuv,-1.7221629371190907
